#,Name,NameYear,Year,Team,Snaps,Overall,Pass,Pass Block,Run Block,Penalty,# of Pen,TA,Rec.,% Ct,Yds,Yds / Rec.,YAC,YAC / Rec.,LG,TD,In,DP,MT,Fu
1,Rob Gronkowski,Rob Gronkowski2012,2012,NE,743,21.2,11.4,1.7,8.6,-0.5,Apr-00,77,55,71.4,790,14.4,311,5.7,41,11,0,7,6,1
2,Dwayne Allen,Dwayne Allen2012,2012,IND,925,19.1,4.9,3.6,10.1,0.5,Apr-00,64,45,70.3,521,11.6,248,5.5,40,3,0,3,3,1
3,Jason Witten,Jason Witten2012,2012,DAL,1112,19,12.7,0.4,6.5,-0.6,Jun-00,146,110,75.3,1039,9.4,324,2.9,36,3,3,8,8,0
4,Marcedes Lewis,Marcedes Lewis2012,2012,JAX,849,13.9,3.3,1,8.4,1.2,Mar-00,75,52,69.3,540,10.4,259,5,26,4,2,6,9,0
5,Martellus Bennett,Martellus Bennett2012,2012,NYG,945,12.5,4.1,2.7,3.1,2.6,Feb-00,88,55,62.5,626,11.4,211,3.8,33,5,4,6,5,0
6,Zach J. Miller,Zach J. Miller2012,2012,SEA,882,12.1,2.2,-0.8,6.6,4.1,0-0,46,38,82.6,396,10.4,134,3.5,30,3,0,1,2,1
7,Matt Spaeth,Matt Spaeth2012,2012,CHI,430,10.6,-2.3,1.7,10.9,0.3,Feb-00,9,6,66.7,28,4.7,17,2.8,13,1,0,1,0,0
8,Jacob Tamme,Jacob Tamme2012,2012,DEN,547,10.5,8.7,2.7,-2.4,1.5,Jan-00,80,52,65,555,10.7,220,4.2,36,2,2,1,1,0
9,Vernon Davis,Vernon Davis2012,2012,SF,942,10.4,4.3,-1,2.5,4.6,0-0,56,41,73.2,548,13.4,164,4,53,5,0,3,6,0
10,Jimmy Graham,Jimmy Graham2012,2012,NO,712,10.2,8.3,1.1,1.2,-0.4,Apr-00,131,85,64.9,982,11.6,310,3.6,46,9,5,15,7,1
11,Greg Olsen,Greg Olsen2012,2012,CAR,1028,9.5,9.1,-1,-0.5,1.9,Mar-00,96,69,71.9,843,12.2,246,3.6,47,5,2,4,5,1
12,Daniel Fells,Daniel Fells2012,2012,NE,308,8.2,-0.3,2.1,7.5,-1.1,Mar-00,9,4,44.4,85,21.3,31,7.8,35,0,0,1,1,0
13,Matthew Mulligan,Matthew Mulligan2012,2012,SL,411,7.6,0.6,1.7,5.4,-0.1,Feb-00,12,8,66.7,84,10.5,39,4.9,18,1,0,0,0,0
14,Joel Dreessen,Joel Dreessen2012,2012,DEN,877,6.9,-0.7,6.4,-0.8,2,Mar-00,57,41,71.9,356,8.7,153,3.7,30,5,0,3,3,0
15,Kyle Rudolph,Kyle Rudolph2012,2012,MIN,971,6.8,3.3,1.9,0,1.6,Mar-00,86,53,61.6,493,9.3,288,5.4,29,9,3,6,5,0
16,Heath Miller,Heath Miller2012,2012,PIT,1014,6.8,15.2,-0.8,-8.6,1,May-00,93,71,76.3,816,11.5,365,5.1,43,8,3,4,3,0
17,Tony Gonzalez,Tony Gonzalez2012,2012,ATL,978,6.1,20.3,1.8,-17.1,1.1,1-May,121,93,76.9,930,10,250,2.7,25,8,2,4,16,0
18,Delanie Walker,Delanie Walker2012,2012,SF,589,6,-5.7,2.1,10.7,-1.1,Apr-00,37,21,56.8,344,16.4,60,2.9,45,3,1,9,2,1
19,Nate Byham,Nate Byham2012,2012,TB,143,5.6,1,1.4,2.7,0.5,0-0,4,3,75,18,6,8,2.7,10,1,0,0,0,0
20,Michael Hoomanawanui,Michael Hoomanawanui2012,2012,NE,293,5.6,0.8,2.6,0.9,1.3,0-0,5,5,100,109,21.8,48,9.6,41,0,0,0,2,0
21,Ben Hartsock,Ben Hartsock2012,2012,CAR,209,5.3,-0.4,0.6,6.7,-1.6,Mar-00,3,2,66.7,30,15,26,13,25,0,0,0,0,0
22,Taylor Thompson,Taylor Thompson2012,2012,TEN,265,5.2,-4.1,0.7,7.3,1.3,0-0,12,6,50,46,7.7,12,2,12,0,1,2,0,0
23,Scott Chandler,Scott Chandler2012,2012,BUF,767,4.8,2.9,1.3,-2.2,2.8,Jan-00,70,43,61.4,571,13.3,196,4.6,43,6,2,5,0,2
24,D.J. Williams Jr.,D.J. Williams Jr.2012,2012,GB,244,4.4,-2.3,1.5,3.9,1.3,0-0,14,7,50,57,8.1,40,5.7,12,0,0,3,0,0
25,Luke Stocker,Luke Stocker2012,2012,TB,550,4.2,0,-0.5,4.2,0.5,Feb-00,21,16,76.2,165,10.3,99,6.2,33,1,0,2,2,0
26,Steve Maneri,Steve Maneri2012,2012,KC,412,4.2,-0.1,1.9,3.4,-1,Mar-00,10,5,50,51,10.2,32,6.4,19,0,1,0,1,0
27,Anthony Fasano,Anthony Fasano2012,2012,MIA,921,4.2,2,1.9,-0.6,0.9,Apr-00,62,41,66.1,332,8.1,92,2.2,22,5,2,0,2,0
28,Richard Brockel,Richard Brockel2012,2012,CAR,62,3.9,0,0.6,3.1,0.2,0-0,1,0,0,0,0,0,0,0,0,0,0,0,0
29,Dennis Pitta,Dennis Pitta2012,2012,BLT,661,3.7,7.2,-1.3,-3.4,1.2,Feb-00,90,61,67.8,669,11,281,4.6,61,7,3,3,7,0
30,Garrett Graham,Garrett Graham2012,2012,HST,626,3.4,1.1,-0.1,2.2,0.2,Mar-00,35,28,80,263,9.4,128,4.6,30,3,0,2,1,0
31,Virgil Green,Virgil Green2012,2012,DEN,179,2.6,1.2,-1.3,1.8,0.9,0-0,6,5,83.3,63,12.6,59,11.8,28,0,0,0,2,0
32,Weslye Saunders,Weslye Saunders2012,2012,IND,172,2.5,-0.3,-0.3,2.3,0.8,0-0,4,2,50,15,7.5,3,1.5,11,0,0,0,0,0
33,Will Heller,Will Heller2012,2012,DET,421,2.2,-2,2.4,0,1.8,0-0,22,17,77.3,150,8.8,89,5.2,19,1,0,1,0,0
34,Alex Smith,Alex Smith2012,2012,CLV,98,2,-1,-1,3.6,0.4,0-0,7,5,71.4,31,6.2,29,5.8,17,0,0,2,1,0
35,Fred Davis,Fred Davis2012,2012,WAS,413,2,4.1,-0.2,0,-1.9,May-00,32,24,75,325,13.5,140,5.8,29,0,2,2,6,0
36,Kevin Boss,Kevin Boss2012,2012,KC,51,1.8,2.4,-0.4,-0.5,0.3,0-0,3,3,100,65,21.7,7,2.3,29,1,0,0,0,0
37,Coby Fleener,Coby Fleener2012,2012,IND,461,1.7,-2.4,0,2.7,1.4,Jan-00,45,26,57.8,281,10.8,110,4.2,26,2,0,3,2,0
38,Ben Watson,Ben Watson2012,2012,CLV,883,1.7,4,0.5,-2,-0.8,May-00,74,49,66.2,501,10.2,222,4.5,27,3,3,3,7,1
39,Dallas Clark,Dallas Clark2012,2012,TB,586,1.6,3.1,-0.1,-4.3,2.9,0-0,69,47,68.1,435,9.3,112,2.4,33,4,5,3,3,0
40,David Ausberry,David Ausberry2012,2012,OAK,99,1.5,1.4,0.7,0.5,-1.1,Jan-00,11,7,63.6,92,13.1,54,7.7,31,0,0,0,3,0
41,Jim Dray,Jim Dray2012,2012,ARZ,35,1.5,0.3,0.1,1,0.1,0-0,2,2,100,15,7.5,2,1,12,0,0,0,0,0
42,Tommy Gallarda,Tommy Gallarda2012,2012,ATL,85,1.5,-0.7,0.7,2.1,-0.6,Jan-00,3,1,33.3,7,7,1,1,7,0,0,0,0,0
43,Isaiah Stanback,Isaiah Stanback2012,2012,JAX,10,1.4,-0.2,0.1,1.5,0,0-0,1,1,100,6,6,1,1,6,0,0,0,0,0
44,Gary Barnidge,Gary Barnidge2012,2012,CAR,140,1.4,-0.2,0.1,1,0.5,0-0,6,6,100,78,13,46,7.7,24,1,0,0,0,0
45,Jeff Cumberland,Jeff Cumberland2012,2012,NYJ,608,1.2,1,1.8,-4.4,2.8,0-0,52,29,55.8,359,12.4,119,4.1,39,3,5,1,2,0
46,Mike Higgins,Mike Higgins2012,2012,NO,22,1.1,-0.1,0.1,1,0.1,0-0,1,1,100,-3,-3,0,0,0,0,0,0,0,0
47,Tony Scheffler,Tony Scheffler2012,2012,DET,535,0.8,-0.1,-0.3,-0.5,1.7,Jan-00,83,42,50.6,504,12,117,2.8,57,1,6,6,3,0
48,Cory Harkey,Cory Harkey2012,2012,SL,28,0.8,0.2,0,0.5,0.1,0-0,2,1,50,21,21,7,7,21,0,0,0,0,0
49,Ryan Taylor,Ryan Taylor2012,2012,GB,131,0.8,0.1,0.6,-0.4,0.5,0-0,1,1,100,11,11,6,6,11,0,0,0,0,0
50,Charles Clay,Charles Clay2012,2012,MIA,302,0.6,-0.6,1.6,-2,1.6,0-0,27,18,66.7,212,11.8,91,5.1,31,2,1,5,1,0
51,Chase Coffman,Chase Coffman2012,2012,ATL,5,0.5,0.5,0,0,0,0-0,1,1,100,11,11,0,0,11,0,0,0,0,0
52,Allen Reisner,Allen Reisner2012,2012,MIN,7,0.5,0.4,0.1,0,0,0-0,1,1,100,13,13,2,2,13,0,0,0,0,0
53,Todd Heap,Todd Heap2012,2012,ARZ,83,0.4,2.1,-1.2,-0.9,0.4,0-0,12,8,66.7,94,11.8,38,4.8,28,0,0,0,1,0
54,Jake O'Connell,Jake O'Connell2012,2012,KC,23,0.4,0.6,0.2,-0.5,0.1,0-0,3,3,100,18,6,13,4.3,11,0,0,0,1,0
55,Dominique Jones,Dominique Jones2012,2012,IND,33,0.3,-0.1,0.3,0,0.1,0-0,1,1,100,8,8,6,6,8,0,0,0,0,0
56,Travis Beckum,Travis Beckum2012,2012,NYG,23,0.3,-0.3,0.1,0.5,0,0-0,1,0,0,0,0,0,0,0,0,0,0,0,0
57,Jared Cook,Jared Cook2012,2012,TEN,485,0.3,0.5,-1,0.5,0.3,Feb-00,68,44,64.7,523,11.9,168,3.8,61,4,3,5,3,1
58,John Carlson,John Carlson2012,2012,MIN,255,0.2,-2.8,-0.9,2.6,1.3,0-0,14,8,57.1,43,5.4,21,2.6,14,0,0,2,0,0
59,Ladarius Green,Ladarius Green2012,2012,SD,39,0.2,0,0.1,0,0.1,0-0,4,4,100,56,14,43,10.8,31,0,0,0,1,0
60,Hayden Smith,Hayden Smith2012,2012,NYJ,17,0.2,0.2,0,0,0,0-0,1,1,100,16,16,21,21,16,0,0,0,0,0
61,Kellen Winslow,Kellen Winslow2012,2012,NE,4,-0.1,-0.1,0,0,0,0-0,2,1,50,12,12,2,2,12,0,0,1,0,0
62,Garrett Celek,Garrett Celek2012,2012,SF,105,-0.2,-0.4,0.8,0,-0.6,Jan-00,6,4,66.7,51,12.8,22,5.5,35,0,0,1,1,0
63,Michael Palmer,Michael Palmer2012,2012,ATL,159,-0.3,-0.7,1,-1.5,0.9,0-0,6,6,100,22,3.7,16,2.7,6,1,0,0,0,0
64,Richard Gordon,Richard Gordon2012,2012,OAK,79,-0.5,-0.7,1,0,-0.8,Jan-00,5,2,40,9,4.5,6,3,8,1,0,1,0,0
65,Chris Cooley,Chris Cooley2012,2012,WAS,92,-0.6,-0.1,0.1,0,-0.6,Jan-00,3,1,33.3,8,8,6,6,8,0,0,0,0,0
66,Leonard Pope,Leonard Pope2012,2012,PIT,82,-0.6,0.6,1.3,-2.9,0.4,0-0,3,3,100,9,3,7,2.3,7,2,0,0,0,0
67,Lance Kendricks,Lance Kendricks2012,2012,SL,875,-0.6,-0.4,-0.4,-0.9,1.1,Mar-00,57,41,71.9,500,12.2,224,5.5,80,4,2,5,2,0
68,Visanthe Shiancoe,Visanthe Shiancoe2012,2012,NE,57,-0.7,-1.1,0.1,0,0.3,0-0,1,0,0,0,0,0,0,0,0,1,1,0,0
69,James Hanna,James Hanna2012,2012,DAL,109,-0.8,-0.3,0.1,-1,0.4,0-0,11,8,72.7,86,10.8,52,6.5,29,0,0,0,0,0
70,Mike McNeill,Mike McNeill2012,2012,SL,155,-0.9,-1.6,0.5,-0.5,0.7,0-0,7,4,57.1,31,7.8,12,3,10,0,1,0,0,0
71,Brent Celek,Brent Celek2012,2012,PHI,888,-0.9,-1.7,-1.5,-1.1,3.4,Jan-00,83,57,68.7,684,12,337,5.9,34,1,5,8,4,1
72,John Phillips,John Phillips2012,2012,DAL,342,-1,-1.5,-1.1,1.1,0.5,Jan-00,10,8,80,55,6.9,9,1.1,19,1,0,0,0,0
73,Craig Stevens,Craig Stevens2012,2012,TEN,566,-1,-3.9,1.7,2.5,-1.3,1-Apr,31,23,74.2,275,12,135,5.9,46,1,0,3,4,2
74,Owen Daniels,Owen Daniels2012,2012,HST,884,-1.1,2.8,-1.6,-5.6,3.3,Jan-00,98,62,63.3,716,11.5,333,5.4,39,6,1,6,3,0
75,Orson Charles,Orson Charles2012,2012,CIN,297,-1.2,0.5,1.4,-2.6,-0.5,Feb-00,9,8,88.9,101,12.6,48,6,25,0,0,0,0,0
76,Dustin Keller,Dustin Keller2012,2012,NYJ,416,-1.3,3.4,0.3,-4.9,-0.1,Feb-00,36,28,77.8,317,11.3,94,3.4,32,2,2,2,5,0
77,Brad Smelley,Brad Smelley2012,2012,CLV,26,-1.4,-0.2,0.2,-1.5,0.1,0-0,1,1,100,3,3,0,0,3,0,0,0,0,0
78,Dante Rosario,Dante Rosario2012,2012,SD,193,-1.5,-2.3,0.4,0.6,-0.2,Jan-00,17,10,58.8,95,9.5,36,3.6,18,3,1,1,0,1
79,Antonio Gates,Antonio Gates2012,2012,SD,890,-1.8,1.6,0.1,-4.7,1.2,Mar-00,76,49,64.5,538,11,148,3,34,7,3,5,3,0
80,Evan Moore,Evan Moore2012,2012,PHI,6,-2.1,-1.1,0,0,-1,Jan-00,2,0,0,0,0,0,0,0,0,0,1,0,0
81,Randy McMichael,Randy McMichael2012,2012,SD,504,-2.2,-4,1.7,1.6,-1.5,Apr-00,11,9,81.8,51,5.7,58,6.4,13,0,0,1,1,1
82,Clay Harbor,Clay Harbor2012,2012,PHI,354,-2.4,-2,-1.7,0.7,0.6,Jan-00,38,25,65.8,186,7.4,80,3.2,19,2,2,3,3,1
83,Logan Paulsen,Logan Paulsen2012,2012,WAS,696,-2.6,-1.4,-4.7,6,-2.5,Jun-00,35,25,71.4,308,12.3,115,4.6,31,1,1,3,0,0
84,Niles Paul,Niles Paul2012,2012,WAS,232,-3,0.1,-0.4,0,-2.7,Apr-00,15,8,53.3,152,19,67,8.4,37,1,0,2,0,0
85,Lee Smith,Lee Smith2012,2012,BUF,294,-3.1,0.9,1.7,-1.5,-4.2,Jun-00,4,4,100,13,3.3,4,1,5,2,0,0,0,0
86,Jermichael Finley,Jermichael Finley2012,2012,GB,711,-4,-0.5,0.3,-3.4,-0.4,Apr-00,85,61,71.8,667,10.9,298,4.9,40,2,0,9,7,1
87,Dave Thomas,Dave Thomas2012,2012,NO,389,-4,-1.3,0.2,0.1,-3,Jun-00,16,11,68.8,86,7.8,42,3.8,20,4,1,1,0,0
88,Tony Moeaki,Tony Moeaki2012,2012,KC,935,-4,-0.6,2,-5.8,0.4,May-00,49,33,67.3,453,13.7,134,4.1,38,1,4,4,3,0
89,Evan Moore,Evan Moore2012,2012,SEA,104,-4.6,-3.2,0.3,0,-1.7,Mar-00,6,1,16.7,6,6,8,8,6,0,0,1,0,0
90,Dedrick Epps,Dedrick Epps2012,2012,NYJ,34,-4.7,-1.1,-0.8,-2.9,0.1,0-0,1,1,100,9,9,1,1,9,0,0,0,0,1
91,Billy Bajema,Billy Bajema2012,2012,BLT,133,-5,-0.7,0.7,-3.6,-1.4,Feb-00,1,0,0,0,0,0,0,0,0,0,0,0,0
92,Zach Potter,Zach Potter2012,2012,JAX,199,-5.2,-2.1,1.7,-3.8,-1,Feb-00,6,2,33.3,6,3,4,2,4,0,0,1,1,0
93,Kyle Adams,Kyle Adams2012,2012,CHI,154,-5.4,-4.2,0.2,-1,-0.4,Jan-00,7,4,57.1,40,10,8,2,17,0,0,2,0,0
94,Bear Pascoe,Bear Pascoe2012,2012,NYG,245,-5.6,-2.4,-1.2,-3.1,1.1,0-0,6,4,66.7,35,8.8,20,5,16,1,0,2,1,0
95,Aaron Hernandez,Aaron Hernandez2012,2012,NE,573,-5.6,0.6,0.8,-3.8,-3.2,Jun-00,80,51,63.8,483,9.5,227,4.5,31,5,2,10,9,0
96,Tom Crabtree,Tom Crabtree2012,2012,GB,366,-6.1,1.3,1,-7.2,-1.2,Mar-00,10,8,80,203,25.4,195,24.4,72,3,0,1,2,0
97,David Paulson,David Paulson2012,2012,PIT,316,-6.4,-3.5,-1.6,-2.8,1.5,0-0,8,7,87.5,51,7.3,26,3.7,9,0,0,0,2,1
98,Anthony McCoy,Anthony McCoy2012,2012,SEA,480,-6.5,3.6,-0.8,-6.4,-2.9,1-Jun,23,18,78.3,291,16.2,142,7.9,67,3,3,1,2,0
99,Jordan Cameron,Jordan Cameron2012,2012,CLV,338,-6.5,0.1,0.2,-6.2,-0.6,1-Mar,31,20,64.5,226,11.3,102,5.1,28,1,1,2,1,0
100,Ed Dickson,Ed Dickson2012,2012,BLT,553,-6.9,-0.6,-0.1,-8.9,2.7,0-0,31,21,67.7,225,10.7,87,4.1,40,0,1,1,3,0
101,Konrad Reuland,Konrad Reuland2012,2012,NYJ,389,-7.6,-0.7,1.1,-6.9,-1.1,Mar-00,16,11,68.8,83,7.5,56,5.1,18,0,0,1,0,0
102,Brandon Pettigrew,Brandon Pettigrew2012,2012,DET,788,-8.4,-10,1.6,-1.6,1.6,Feb-00,95,59,62.1,567,9.6,250,4.2,24,3,2,9,2,4
103,Kellen Davis,Kellen Davis2012,2012,CHI,980,-8.8,-10.9,1.2,0.1,0.8,Apr-00,44,19,43.2,229,12.1,70,3.7,25,2,1,8,3,1
104,Rob Housler,Rob Housler2012,2012,ARZ,630,-11.6,-2.2,0.7,-9.9,-0.2,1-Mar,65,45,69.2,417,9.3,186,4.1,33,0,2,3,12,0
105,Jeff King,Jeff King2012,2012,ARZ,473,-11.9,-0.3,1.9,-12.2,-1.3,1-Apr,26,17,65.4,129,7.6,61,3.6,27,0,2,0,2,0
106,Brandon Myers,Brandon Myers2012,2012,OAK,1034,-15.8,2.7,-1,-20.4,2.9,1-Feb,101,79,78.2,806,10.2,292,3.7,29,4,3,6,8,0
107,Jermaine Gresham,Jermaine Gresham2012,2012,CIN,1026,-16.4,-2.3,-0.5,-9.5,-4.1,Sep-00,92,64,69.6,737,11.5,424,6.6,55,5,1,8,12,2
108,Rob Gronkowski,Rob Gronkowski2011,2011,NE,1120,34.5,22.9,-1.4,13.5,-0.5,Jun-00,121,90,74.4,1327,14.7,641,7.1,52,17,2,8,13,0
109,Tony Gonzalez,Tony Gonzalez2011,2011,ATL,970,18.3,18.4,2.5,-7,4.4,0-0,113,80,70.8,875,10.9,246,3.1,30,7,4,3,6,0
110,Heath Miller,Heath Miller2011,2011,PIT,1031,18.2,0.4,4.3,10.5,3,Mar-00,74,51,68.9,631,12.4,267,5.2,39,2,4,5,5,1
111,Jimmy Graham,Jimmy Graham2011,2011,NO,815,18.1,21.2,-1,-4,1.9,Feb-00,146,99,67.8,1310,13.2,458,4.6,59,11,5,6,11,1
112,Aaron Hernandez,Aaron Hernandez2011,2011,NE,864,16.6,12.6,-0.3,2.1,2.2,Feb-00,108,79,73.1,910,11.5,503,6.4,46,7,1,5,23,1
113,Joel Dreessen,Joel Dreessen2011,2011,HST,722,15.3,3.4,2.8,11.5,-2.4,Jun-00,36,28,77.8,353,12.6,170,6.1,56,6,0,1,1,0
114,Anthony Fasano,Anthony Fasano2011,2011,MIA,916,14.6,4.8,1.5,9,-0.7,1-May,45,32,71.1,451,14.1,99,3.1,35,5,1,1,2,0
115,Antonio Gates,Antonio Gates2011,2011,SD,797,13.1,11.8,-0.1,-0.4,1.8,Feb-00,87,64,73.6,778,12.2,280,4.4,38,7,4,1,1,0
116,Jason Witten,Jason Witten2011,2011,DAL,1074,10.9,5.1,0.7,3,2.1,Mar-00,114,79,69.3,942,11.9,365,4.6,64,5,3,4,11,1
117,Martellus Bennett,Martellus Bennett2011,2011,DAL,428,10.5,-1.6,1.4,11.7,-1,Mar-00,24,17,70.8,144,8.5,104,6.1,15,0,2,2,3,0
118,Kyle Rudolph,Kyle Rudolph2011,2011,MIN,493,10.1,-0.2,3.4,5.1,1.8,Jan-00,33,26,78.8,249,9.6,103,4,41,3,0,1,1,0
119,Marcedes Lewis,Marcedes Lewis2011,2011,JAX,810,9.9,-0.4,2.9,5.4,2,1-Feb,76,39,51.3,460,11.8,163,4.2,62,0,3,6,10,0
120,Tony Scheffler,Tony Scheffler2011,2011,DET,317,8.9,6.4,1.2,-0.4,1.7,0-0,41,26,63.4,347,13.3,68,2.6,36,6,1,3,1,0
121,Brent Celek,Brent Celek2011,2011,PHI,971,8.7,6.6,0.2,-1.8,3.7,Jan-00,94,62,66,811,13.1,498,8,73,5,5,6,10,0
122,David Johnson,David Johnson2011,2011,PIT,451,7.6,-1.2,-0.4,9,0.2,Feb-00,14,12,85.7,91,7.6,65,5.4,25,1,0,1,4,0
123,Jeremy Shockey,Jeremy Shockey2011,2011,CAR,547,7.1,5,-2.2,5.6,-1.3,Apr-00,59,37,62.7,455,12.3,187,5.1,29,4,1,1,3,2
124,Todd Heap,Todd Heap2011,2011,ARZ,348,6.9,-0.4,0.6,7,-0.3,Feb-00,32,24,75,283,11.8,111,4.6,28,1,1,2,2,0
125,Michael Palmer,Michael Palmer2011,2011,ATL,269,6.4,-1.8,1.4,5.5,1.3,0-0,13,10,76.9,72,7.2,47,4.7,11,1,0,2,1,0
126,Owen Daniels,Owen Daniels2011,2011,HST,867,5.6,10.2,-3,-4,2.4,Feb-00,79,54,68.4,677,12.5,331,6.1,34,3,1,2,3,0
127,Kellen Davis,Kellen Davis2011,2011,CHI,751,5.6,-0.2,0.4,4.9,0.5,Mar-00,31,18,58.1,206,11.4,68,3.8,32,5,3,2,5,0
128,Jake Ballard,Jake Ballard2011,2011,NYG,795,5.6,5.1,-1.1,-0.3,1.9,Feb-00,57,38,66.7,604,15.9,186,4.9,41,4,1,5,3,0
129,Andrew Quarless,Andrew Quarless2011,2011,GB,204,5.1,0.2,1.7,2.2,1,0-0,4,3,75,36,12,18,6,21,0,0,1,0,0
130,Lee Smith,Lee Smith2011,2011,BUF,129,4.2,-0.7,-0.1,5,0,1-Jan,4,4,100,11,2.8,4,1,6,0,0,0,0,0
131,Matt Spaeth,Matt Spaeth2011,2011,CHI,369,3.7,0.9,-1.5,3.7,0.6,Jan-00,10,7,70,50,7.1,21,3,13,2,1,0,0,0
132,John Gilmore,John Gilmore2011,2011,NO,336,3.7,-1,3.5,1.6,-0.4,Feb-00,4,3,75,20,6.7,10,3.3,9,1,0,1,0,0
133,Randy McMichael,Randy McMichael2011,2011,SD,747,3.6,1.3,4.8,-3.2,0.7,Mar-00,37,30,81.1,271,9,194,6.5,30,0,0,3,10,0
134,Reggie Kelly,Reggie Kelly2011,2011,ATL,223,3.5,-1.7,2.4,3.3,-0.5,Feb-00,2,1,50,7,7,6,6,7,0,0,1,0,0
135,Jeron Mastrud,Jeron Mastrud2011,2011,MIA,209,3,-0.8,1.7,3,-0.9,Feb-00,2,1,50,8,8,2,2,8,0,0,0,0,0
136,Weslye Saunders,Weslye Saunders2011,2011,PIT,237,2.8,0.8,1.4,1.5,-0.9,Feb-00,7,4,57.1,29,7.3,9,2.3,14,1,0,0,1,0
137,Jeff King,Jeff King2011,2011,ARZ,556,2.7,4.6,-4.6,1.7,1,1-Feb,33,27,81.8,271,10,138,5.1,48,3,0,0,6,0
138,Michael Hoomanawanui,Michael Hoomanawanui2011,2011,SL,401,2.7,-3.1,2.7,2.2,0.9,Jan-00,13,7,53.8,83,11.9,62,8.9,27,0,1,1,0,0
139,Jermaine Gresham,Jermaine Gresham2011,2011,CIN,912,2,1.6,2.2,-1.1,-0.7,May-00,86,56,65.1,596,10.6,204,3.6,31,6,1,6,7,1
140,Jim Kleinsasser,Jim Kleinsasser2011,2011,MIN,68,1.6,-0.4,-1.9,4.6,-0.7,Jan-00,1,0,0,0,0,0,0,0,0,0,0,0,0
141,Zach Potter,Zach Potter2011,2011,JAX,337,1.5,-2.8,1.2,1.3,1.8,0-0,7,5,71.4,50,10,37,7.4,22,0,0,1,0,0
142,Zach Miller,Zach Miller2011,2011,JAX,57,1.3,-0.7,1.1,0.5,0.4,0-0,7,4,57.1,42,10.5,17,4.3,14,1,0,0,0,0
143,Clay Harbor,Clay Harbor2011,2011,PHI,370,1.3,0.7,-0.4,1.7,-0.7,Mar-00,19,13,68.4,163,12.5,47,3.6,27,1,1,1,2,0
144,Colin Cloherty,Colin Cloherty2011,2011,JAX,64,1,-0.6,0.3,1,0.3,0-0,8,4,50,57,14.3,30,7.5,21,0,0,1,1,0
145,Vernon Davis,Vernon Davis2011,2011,SF,1023,0.9,-3.5,-3.3,4.9,2.8,Feb-00,92,67,72.8,792,11.8,334,5,44,6,0,5,11,3
146,Delanie Walker,Delanie Walker2011,2011,SF,557,0.8,-3.5,0.8,5.8,-2.3,1-May,29,19,65.5,198,10.4,68,3.6,29,3,0,2,2,0
147,Allen Reisner,Allen Reisner2011,2011,MIN,12,0.7,0.2,0,0.5,0,0-0,1,1,100,5,5,1,1,5,0,0,0,0,0
148,Jared Cook,Jared Cook2011,2011,TEN,618,0.7,-1,1.7,0,0,Mar-00,74,49,66.2,759,15.5,306,6.2,80,3,1,3,8,2
149,Zack Pianalto,Zack Pianalto2011,2011,TB,65,0.6,-0.1,0.5,0,0.2,0-0,5,4,80,40,10,13,3.3,15,0,0,1,0,0
150,Garrett Graham,Garrett Graham2011,2011,HST,19,0.5,0.3,0.2,0,0,0-0,1,1,100,24,24,6,6,24,0,0,0,0,0
151,Dennis Pitta,Dennis Pitta2011,2011,BLT,571,0.5,6.1,0.5,-3.8,-2.3,1-May,54,40,74.1,405,10.1,194,4.9,39,3,0,0,1,0
152,Fred Davis,Fred Davis2011,2011,WAS,763,0.3,7.3,0.9,-7.6,-0.3,1-Apr,84,59,70.2,796,13.5,366,6.2,42,3,6,3,10,1
153,Evan Moore,Evan Moore2011,2011,CLV,340,0.3,3.3,-0.4,-1.2,-1.4,Apr-00,47,34,72.3,324,9.5,88,2.6,33,4,3,1,0,0
154,Greg Olsen,Greg Olsen2011,2011,CAR,889,0.3,-0.9,-1.4,4.4,-1.8,1-Jul,85,45,52.9,540,12,206,4.6,44,5,2,5,6,1
155,Virgil Green,Virgil Green2011,2011,DEN,222,0.3,0,1.4,-2.2,1.1,0-0,4,3,75,24,8,11,3.7,9,0,0,0,0,0
156,Ryan Taylor,Ryan Taylor2011,2011,GB,26,0.2,0.4,0.2,0,-0.4,1-Jan,1,1,100,4,4,0,0,4,1,0,0,0,0
157,Bear Pascoe,Bear Pascoe2011,2011,NYG,319,0.1,-1.2,0.5,2.4,-1.6,Mar-00,9,7,77.8,74,10.6,53,7.6,17,0,0,0,2,0
158,Jeff Cumberland,Jeff Cumberland2011,2011,NYJ,48,0.1,-1,0.3,0.6,0.2,0-0,5,2,40,35,17.5,16,8,33,0,0,1,1,0
159,Kyle Adams,Kyle Adams2011,2011,CHI,12,0,-0.1,0.1,0,0,0-0,1,0,0,0,0,0,0,0,0,1,0,0,0
160,Martin Rucker,Martin Rucker2011,2011,JAX,8,-0.2,-0.7,0,0.5,0,0-0,1,0,0,0,0,0,0,0,0,0,0,0,0
161,Jordan Cameron,Jordan Cameron2011,2011,CLV,60,-0.2,-0.8,0.3,0,0.3,0-0,13,6,46.2,33,5.5,16,2.7,15,0,0,1,0,0
162,Fendi Onobun,Fendi Onobun2011,2011,JAX,13,-0.2,-0.3,0,0,0.1,0-0,1,0,0,0,0,0,0,0,0,0,0,0,0
163,Kevin Brock,Kevin Brock2011,2011,BUF,20,-0.2,0.3,0,-0.5,0,0-0,2,2,100,27,13.5,37,18.5,21,0,0,0,0,0
164,Mike Higgins,Mike Higgins2011,2011,NO,27,-0.4,-0.2,0.1,-0.4,0.1,0-0,1,1,100,4,4,2,2,4,0,0,0,0,0
165,Stephen Spach,Stephen Spach2011,2011,SL,146,-0.4,-1,1.2,0.7,-1.3,1-Feb,3,2,66.7,2,1,-1,-0.5,3,0,0,0,0,0
166,David Ausberry,David Ausberry2011,2011,OAK,43,-0.5,-0.1,0,-0.1,-0.3,Jan-00,2,2,100,14,7,1,0.5,10,0,0,0,0,0
167,Quinn Porter,Quinn Porter2011,2011,SL,1,-0.5,-0.5,0,0,0,0-0,1,0,0,0,0,0,0,0,0,0,1,0,0
168,Collin Franklin,Collin Franklin2011,2011,TB,16,-0.6,-0.2,0.1,-0.5,0,0-0,2,0,0,0,0,0,0,0,0,0,0,0,0
169,Anthony Becht,Anthony Becht2011,2011,KC,351,-0.9,-2,1.5,-1,0.6,Jan-00,3,3,100,26,8.7,9,3,16,0,0,0,0,0
170,John Phillips,John Phillips2011,2011,DAL,129,-0.9,0,-1.5,0.1,0.5,0-0,3,3,100,31,10.3,32,10.7,12,1,0,0,1,0
171,Dante Rosario,Dante Rosario2011,2011,DEN,154,-0.9,1,0.7,-3.4,0.8,0-0,10,7,70,117,16.7,33,4.7,32,0,0,0,0,0
172,Craig Stevens,Craig Stevens2011,2011,TEN,429,-1,0.1,0.4,0.5,-2,Apr-00,14,9,64.3,166,18.4,79,8.8,58,1,0,0,2,0
173,Justin Peelle,Justin Peelle2011,2011,SF,180,-1.5,-1.3,0.3,-0.1,-0.4,Feb-00,4,1,25,19,19,4,4,19,0,0,1,0,0
174,Donald Lee,Donald Lee2011,2011,CIN,260,-1.9,1.4,-0.2,-1.5,-1.6,1-Mar,13,11,84.6,115,10.5,72,6.5,26,0,0,0,0,0
175,Jacob Tamme,Jacob Tamme2011,2011,IND,348,-1.9,0.1,-0.1,-2.5,0.6,Jan-00,28,19,67.9,177,9.3,89,4.7,29,1,0,0,1,0
176,Ed Dickson,Ed Dickson2011,2011,BLT,968,-2,0.4,-4,-2.2,3.8,Feb-00,85,54,63.5,528,9.8,176,3.3,25,5,4,5,4,0
177,Julius Thomas,Julius Thomas2011,2011,DEN,48,-2.2,-1.3,0.4,-1.5,0.2,0-0,5,1,20,5,5,6,6,5,0,0,1,1,0
178,Will Yeatman,Will Yeatman2011,2011,MIA,45,-2.2,-0.2,0.2,-2.4,0.2,0-0,1,0,0,0,0,0,0,0,0,0,0,0,0
179,Charles Clay,Charles Clay2011,2011,MIA,310,-2.3,-3.2,0.7,-1.3,1.5,0-0,15,8,53.3,71,8.9,14,1.8,22,2,0,3,0,0
180,Cameron Morrah,Cameron Morrah2011,2011,SEA,170,-2.4,-3.3,0.6,0.5,-0.2,1-Jan,13,6,46.2,74,12.3,38,6.3,21,0,0,3,0,0
181,Jermichael Finley,Jermichael Finley2011,2011,GB,832,-2.5,1.2,1.9,-4.6,-1,May-00,91,55,60.4,767,13.9,240,4.4,41,8,2,12,3,0
182,Mike Caussin,Mike Caussin2011,2011,BUF,73,-2.6,-0.6,0.2,-1,-1.2,Feb-00,6,5,83.3,41,8.2,10,2,13,0,0,0,0,0
183,Anthony Hill,Anthony Hill2011,2011,IND,72,-2.6,-0.1,0.6,-3.3,0.2,0-0,3,2,66.7,10,5,6,3,5,0,0,0,0,0
184,Will Heller,Will Heller2011,2011,DET,263,-2.8,-2,1.6,-3.3,0.9,Jan-00,12,6,50,42,7,22,3.7,12,0,1,1,0,0
185,Travis Beckum,Travis Beckum2011,2011,NYG,163,-2.9,-1.9,-3.5,2,0.5,0-0,10,5,50,93,18.6,40,8,67,1,0,1,1,0
186,Rob Housler,Rob Housler2011,2011,ARZ,183,-3,-5.5,0.2,1.5,0.8,0-0,24,12,50,133,11.1,57,4.8,21,0,1,6,2,1
187,Scott Chandler,Scott Chandler2011,2011,BUF,533,-3,4.3,0,-8.8,1.5,Jan-00,43,38,88.4,389,10.2,165,4.3,31,6,0,0,2,1
188,D.J. Williams Jr.,D.J. Williams Jr.2011,2011,GB,102,-3,-0.6,-0.8,-2,0.4,0-0,3,2,66.7,13,6.5,5,2.5,7,0,0,0,0,0
189,Chris Cooley,Chris Cooley2011,2011,WAS,175,-3.2,-0.3,-0.3,-3.4,0.8,0-0,11,8,72.7,65,8.1,40,5,17,0,0,0,0,0
190,Kevin Boss,Kevin Boss2011,2011,OAK,539,-3.6,3.3,-3.7,-2.6,-0.6,Mar-00,37,28,75.7,368,13.1,129,4.6,35,3,2,1,3,0
191,Luke Stocker,Luke Stocker2011,2011,TB,358,-3.9,-1.8,1.5,-3.4,-0.2,Feb-00,17,12,70.6,92,7.7,42,3.5,24,0,0,2,0,0
192,Brandon Pettigrew,Brandon Pettigrew2011,2011,DET,1081,-3.9,-1,3,-0.9,-5,Nov-00,117,83,70.9,777,9.4,344,4.1,27,5,3,6,4,0
193,Daniel Graham,Daniel Graham2011,2011,TEN,244,-4.1,-1.3,1,0.9,-4.7,1-Jun,5,2,40,25,12.5,6,3,21,1,0,1,0,0
194,Dustin Keller,Dustin Keller2011,2011,NYJ,891,-4.2,0.1,0.1,-6,1.6,1-Mar,109,65,59.6,815,12.5,321,4.9,41,5,2,4,10,1
195,Lance Kendricks,Lance Kendricks2011,2011,SL,629,-4.3,-10.4,-0.5,7.2,-0.6,1-Apr,53,28,52.8,352,12.6,184,6.6,45,0,0,9,2,1
196,Jim Dray,Jim Dray2011,2011,ARZ,128,-4.9,-0.9,-1.8,-1.8,-0.4,Jan-00,4,2,50,25,12.5,4,2,20,0,0,0,0,0
197,Brandon Myers,Brandon Myers2011,2011,OAK,407,-5,1,-1.1,-6.4,1.5,Jan-00,24,16,66.7,151,9.4,68,4.3,24,0,0,1,1,0
198,Visanthe Shiancoe,Visanthe Shiancoe2011,2011,MIN,806,-5.1,0.3,2.6,-3.7,-4.3,2-Aug,65,36,55.4,409,11.4,148,4.1,37,3,1,5,1,0
199,Jake O'Connell,Jake O'Connell2011,2011,KC,281,-5.2,-1.8,-2.2,2,-3.2,2-May,12,7,58.3,52,7.4,25,3.6,15,0,0,0,0,0
200,Matthew Mulligan,Matthew Mulligan2011,2011,NYJ,472,-5.9,-2.1,-3.9,6.5,-6.4,Sep-00,6,5,83.3,58,11.6,41,8.2,41,0,0,1,0,0
201,Colin Cochart,Colin Cochart2011,2011,CIN,250,-6,-0.6,-0.7,-4.8,0.1,Jan-00,8,5,62.5,44,8.8,23,4.6,25,1,0,0,0,0
202,Kory Sperry,Kory Sperry2011,2011,SD,199,-6.1,-1.4,0.6,-6.2,0.9,0-0,2,1,50,32,32,17,17,32,0,0,0,0,0
203,Kellen Winslow,Kellen Winslow2011,2011,TB,840,-6.1,0.2,1,-4.2,-3.1,Jul-00,114,75,65.8,772,10.3,254,3.4,37,2,9,6,3,2
204,Alex Smith,Alex Smith2011,2011,CLV,287,-6.7,-0.3,-0.4,-4.6,-1.4,Mar-00,22,14,63.6,131,9.4,59,4.2,20,1,0,3,4,0
205,Daniel Fells,Daniel Fells2011,2011,DEN,930,-6.8,-4.6,0.3,-4.7,2.2,1-Feb,28,19,67.9,256,13.5,88,4.6,32,3,1,0,1,2
206,Dave Thomas,Dave Thomas2011,2011,NO,149,-6.8,-2,-0.6,-3.8,-0.4,Jan-00,9,5,55.6,16,3.2,12,2.4,8,0,0,0,0,0
207,Ben Watson,Ben Watson2011,2011,CLV,679,-7.3,-3.3,2.9,-7,0.1,Mar-00,69,37,53.6,410,11.1,194,5.2,34,2,1,6,4,0
208,Zach J. Miller,Zach J. Miller2011,2011,SEA,877,-7.9,-8.4,1.1,-2.3,1.7,1-Mar,39,25,64.1,233,9.3,89,3.6,28,0,3,3,2,0
209,Tom Crabtree,Tom Crabtree2011,2011,GB,309,-9.1,-0.9,0.1,-8.4,0.1,Feb-00,8,6,75,38,6.3,21,3.5,15,1,0,1,0,0
210,Logan Paulsen,Logan Paulsen2011,2011,WAS,365,-9.9,-0.4,-1.3,-6,-2.2,Apr-00,18,11,61.1,138,12.5,61,5.5,24,0,0,0,1,0
211,Dallas Clark,Dallas Clark2011,2011,IND,554,-10.7,-4.7,-1.2,-7.6,2.8,1-Jan,63,34,54,352,10.4,160,4.7,21,2,1,8,4,1
212,Brody Eldridge,Brody Eldridge2011,2011,IND,290,-13,-0.8,-4.2,-5.5,-2.5,Apr-00,10,9,90,45,5,14,1.6,8,0,0,1,0,0
213,Leonard Pope,Leonard Pope2011,2011,KC,617,-14.1,-1.3,0,-6.6,-6.2,Oct-00,31,24,77.4,247,10.3,124,5.2,39,1,0,4,1,0
214,Anthony McCoy,Anthony McCoy2011,2011,SEA,410,-14.2,-6.7,-5.9,-0.5,-1.1,Mar-00,24,13,54.2,146,11.2,72,5.5,31,0,1,5,2,0
215,Billy Bajema,Billy Bajema2011,2011,SL,527,-18,-4.6,-3.7,-10.2,0.5,Feb-00,13,9,69.2,71,7.9,19,2.1,19,0,0,2,0,0
216,Jason Witten,Jason Witten2010,2010,DAL,1077,31.1,9.8,2.8,18.1,0.4,1-Jun,123,94,76.4,1002,10.7,388,4.1,33,9,3,3,13,1
217,Marcedes Lewis,Marcedes Lewis2010,2010,JAX,928,23.8,5.8,2.3,15.2,0.5,Apr-00,86,58,67.4,700,12.1,271,4.7,42,10,4,5,9,2
218,Rob Gronkowski,Rob Gronkowski2010,2010,NE,794,19,5.7,1,14.2,-1.9,Jun-00,57,42,73.7,546,13,199,4.7,28,10,0,3,3,1
219,Anthony Fasano,Anthony Fasano2010,2010,MIA,893,17.7,2.8,-0.3,13.5,1.7,1-Mar,55,39,70.9,528,13.5,209,5.4,31,4,1,2,4,0
220,Tony Moeaki,Tony Moeaki2010,2010,KC,929,15,2.7,1.7,10,0.6,1-Apr,65,47,72.3,556,11.8,210,4.5,34,3,1,5,2,0
221,Martellus Bennett,Martellus Bennett2010,2010,DAL,495,14.9,-0.7,1.3,14.9,-0.6,Mar-00,44,33,75,260,7.9,185,5.6,32,0,2,3,3,1
222,Zach J. Miller,Zach J. Miller2010,2010,OAK,980,14.1,3.3,-0.4,9,2.2,Mar-00,89,60,67.4,687,11.5,303,5.1,43,5,3,5,7,1
223,Antonio Gates,Antonio Gates2010,2010,SD,557,10,12.2,0.5,-3.3,0.6,1-Feb,63,50,79.4,782,15.6,327,6.5,48,10,2,3,5,0
224,Jacob Tamme,Jacob Tamme2010,2010,IND,573,9,6.8,-1.5,2.9,0.8,Feb-00,90,67,74.4,631,9.4,316,4.7,30,4,3,5,3,0
225,Alge Crumpler,Alge Crumpler2010,2010,NE,575,8.9,-2.9,-0.6,15.4,-3,Jul-00,10,6,60,52,8.7,35,5.8,27,2,0,1,0,0
226,Vernon Davis,Vernon Davis2010,2010,SF,943,8.6,5.9,-0.2,1.4,1.5,1-Mar,87,56,64.4,914,16.3,445,7.9,66,7,1,6,11,0
227,Joel Dreessen,Joel Dreessen2010,2010,HST,730,7.5,2.3,1.1,3.9,0.2,Mar-00,50,36,72,517,14.4,196,5.4,43,4,0,2,2,1
228,Jim Kleinsasser,Jim Kleinsasser2010,2010,MIN,514,7.2,-1.1,4.3,7.4,-3.4,1-Jun,20,17,85,148,8.7,84,4.9,20,0,1,0,1,0
229,Dallas Clark,Dallas Clark2010,2010,IND,434,6.3,1,0.5,2.7,2.1,0-0,51,37,72.5,347,9.4,138,3.7,50,3,0,3,2,0
230,Robert Royal,Robert Royal2010,2010,CLV,302,5.9,-1.6,1.4,4.6,1.5,0-0,12,5,41.7,56,11.2,16,3.2,20,1,0,4,1,0
231,Ben Watson,Ben Watson2010,2010,CLV,932,5.7,3,1.3,1.9,-0.5,1-May,98,68,69.4,765,11.3,280,4.1,44,3,5,7,5,0
232,Aaron Hernandez,Aaron Hernandez2010,2010,NE,491,5.2,1,0.5,4.3,-0.6,Mar-00,64,45,70.3,563,12.5,301,6.7,46,6,0,9,5,0
233,Jermichael Finley,Jermichael Finley2010,2010,GB,212,4.5,4.8,0.4,-0.7,0,1-Jan,25,21,84,301,14.3,106,5,34,1,1,0,1,0
234,Justin Peelle,Justin Peelle2010,2010,ATL,421,3.8,0.3,-2.8,7.5,-1.2,Mar-00,15,10,66.7,96,9.6,54,5.4,15,1,0,1,0,0
235,Delanie Walker,Delanie Walker2010,2010,SF,383,3.5,-1.5,1.1,5.2,-1.3,Mar-00,41,29,70.7,331,11.4,171,5.9,38,0,0,4,6,1
236,Zach Strief,Zach Strief2010,2010,NO,166,3.5,-0.5,1.5,2.6,-0.1,Jan-00,1,0,0,0,0,0,0,0,0,0,0,0,0
237,Jake O'Connell,Jake O'Connell2010,2010,KC,121,3.5,0,-0.1,3.6,0,Jan-00,4,3,75,31,10.3,24,8,18,0,0,0,0,0
238,Jimmy Graham,Jimmy Graham2010,2010,NO,238,3.3,3.2,0.5,-0.4,0,Jan-00,42,31,73.8,356,11.5,152,4.9,52,5,2,3,1,1
239,Randy McMichael,Randy McMichael2010,2010,SD,687,2.7,0.8,-1.4,2.1,1.2,Feb-00,26,20,76.9,221,11.1,96,4.8,28,2,1,1,1,0
240,James Casey,James Casey2010,2010,HST,163,2.5,-0.9,0.6,2.1,0.7,0-0,13,8,61.5,98,12.3,62,7.8,33,0,0,1,0,0
241,David Johnson,David Johnson2010,2010,PIT,48,2,0.9,0.2,0.6,0.3,0-0,4,3,75,37,12.3,22,7.3,25,0,0,0,2,0
242,Kevin Boss,Kevin Boss2010,2010,NYG,931,2,-6.7,1.9,4.4,2.4,Feb-00,66,35,53,531,15.2,241,6.9,54,5,2,11,7,1
243,Dan Gronkowski,Dan Gronkowski2010,2010,DEN,304,1.8,-2.4,3,0.7,0.5,Jan-00,12,8,66.7,64,8,32,4,13,0,0,1,0,0
244,Ben Hartsock,Ben Hartsock2010,2010,NYJ,375,1.8,-2.2,1.4,2.8,-0.2,Feb-00,2,1,50,7,7,1,1,7,0,0,0,0,0
245,Richard Quinn,Richard Quinn2010,2010,DEN,168,1.7,-0.8,0.6,2.2,-0.3,Jan-00,2,1,50,9,9,11,11,9,0,0,0,0,0
246,Cameron Morrah,Cameron Morrah2010,2010,SEA,190,1.7,-1.1,1.9,2.1,-1.2,1-Feb,18,9,50,117,13,70,7.8,36,0,0,3,0,0
247,Owen Daniels,Owen Daniels2010,2010,HST,561,1.6,0.6,1.1,-2.7,2.6,0-0,61,38,62.3,471,12.4,285,7.5,31,2,3,4,2,0
248,Will Heller,Will Heller2010,2010,DET,169,1.6,-1.1,0.7,2,0,Jan-00,5,4,80,37,9.3,33,8.3,13,1,0,0,0,0
249,Alex Smith,Alex Smith2010,2010,CLV,25,1.2,-0.3,0.4,1,0.1,0-0,1,1,100,6,6,3,3,6,0,0,0,0,0
250,Kellen Davis,Kellen Davis2010,2010,CHI,148,1.1,0,1,0.1,0,1-Jan,1,1,100,19,19,3,3,19,1,0,0,0,0
251,Chase Coffman,Chase Coffman2010,2010,CIN,51,1.1,0.6,0.4,0,0.1,0-0,4,3,75,30,10,18,6,14,0,0,0,1,0
252,Michael Hoomanawanui,Michael Hoomanawanui2010,2010,SL,148,0.9,2.5,-1.2,1,-1.4,1-Feb,21,13,61.9,146,11.2,110,8.5,36,3,1,1,2,0
253,Craig Stevens,Craig Stevens2010,2010,TEN,548,0.9,-1.4,0.1,1.2,1,Feb-00,20,11,55,122,11.1,78,7.1,28,2,0,2,3,0
254,Michael Palmer,Michael Palmer2010,2010,ATL,119,0.7,0.5,-0.4,0.1,0.5,0-0,8,5,62.5,29,5.8,18,3.6,11,1,0,0,0,0
255,Evan Moore,Evan Moore2010,2010,CLV,193,0.6,1.2,0.1,-1.5,0.8,0-0,26,16,61.5,322,20.1,86,5.4,49,1,0,2,2,1
256,John Gilmore,John Gilmore2010,2010,TB,423,0.6,2.2,-2.1,-0.5,1,Jan-00,16,13,81.3,160,12.3,99,7.6,30,1,0,1,2,0
257,Jeff Dugan,Jeff Dugan2010,2010,MIN,240,0.4,-1.5,-0.7,1.4,1.2,0-0,5,4,80,30,7.5,24,6,10,0,0,0,1,0
258,Zach Potter,Zach Potter2010,2010,JAX,158,0.4,-0.7,0.8,-0.4,0.7,0-0,5,3,60,24,8,13,4.3,10,0,1,1,0,0
259,Mickey Shuler,Mickey Shuler2010,2010,MIA,120,0.3,-1.3,0.9,0.1,0.6,0-0,5,2,40,44,22,12,6,28,0,1,1,0,0
260,Chris Baker,Chris Baker2010,2010,SEA,423,0.3,-3.9,4,-0.4,0.6,Feb-00,19,9,47.4,116,12.9,46,5.1,44,1,1,1,0,0
261,Kory Sperry,Kory Sperry2010,2010,SD,84,0.1,1,0.1,-1.4,0.4,0-0,4,4,100,73,18.3,40,10,35,0,0,0,0,0
262,Tory Humphrey,Tory Humphrey2010,2010,NO,98,0.1,-1.3,0.3,0.6,0.5,0-0,2,1,50,12,12,12,12,12,0,0,0,1,0
263,Logan Paulsen,Logan Paulsen2010,2010,WAS,32,-0.1,0.2,0.1,-0.5,0.1,0-0,2,2,100,10,5,9,4.5,9,1,0,0,0,0
264,Scott Chandler,Scott Chandler2010,2010,BUF,53,-0.1,-0.8,0.4,0,0.3,0-0,3,1,33.3,8,8,4,4,8,0,0,0,0,0
265,Fred Davis,Fred Davis2010,2010,WAS,396,-0.1,-1.3,1,1,-0.8,1-Mar,28,21,75,316,15,178,8.5,71,3,0,3,3,0
266,Gary Barnidge,Gary Barnidge2010,2010,CAR,224,-0.2,-3.7,0.9,1.6,1,0-0,7,0,0,0,0,0,0,0,0,3,1,0,0
267,Fendi Onobun,Fendi Onobun2010,2010,SL,20,-0.2,0.1,0.1,-0.5,0.1,0-0,4,2,50,15,7.5,7,3.5,8,0,0,0,0,0
268,Bear Pascoe,Bear Pascoe2010,2010,NYG,84,-0.3,-0.7,0.3,-0.3,0.4,0-0,3,1,33.3,7,7,7,7,7,0,0,0,0,0
269,Ernest Wilford,Ernest Wilford2010,2010,JAX,22,-0.5,-0.6,0,0,0.1,0-0,2,1,50,3,3,0,0,3,0,0,0,0,0
270,Adam Snyder,Adam Snyder2010,2010,SF,21,-0.5,0,-0.5,0,0,0-0,1,0,0,0,0,0,0,0,0,0,0,0,0
271,Zach Miller,Zach Miller2010,2010,JAX,299,-0.5,-1.5,0.9,-1.2,1.3,0-0,24,20,83.3,216,10.8,109,5.5,52,1,1,0,2,0
272,Dennis Pitta,Dennis Pitta2010,2010,BLT,86,-0.8,-0.1,0.8,-2,0.5,0-0,5,1,20,1,1,1,1,1,0,0,0,0,0
273,Tony Scheffler,Tony Scheffler2010,2010,DET,419,-0.8,-0.3,0.7,-1.3,0.1,Feb-00,66,45,68.2,378,8.4,195,4.3,25,1,4,3,1,1
274,Ryan Purvis,Ryan Purvis2010,2010,TB,118,-0.9,0.7,-0.3,-1,-0.3,Jan-00,6,5,83.3,38,7.6,31,6.2,12,0,0,0,0,0
275,Matthew Mulligan,Matthew Mulligan2010,2010,NYJ,107,-0.9,-1.5,0.9,0.2,-0.5,Jan-00,1,0,0,0,0,0,0,0,0,0,1,0,0
276,Garrett Mills,Garrett Mills2010,2010,PHI,87,-1.2,-1.4,0.2,-0.5,0.5,0-0,3,2,66.7,19,9.5,0,0,14,0,0,0,0,0
277,Reggie Kelly,Reggie Kelly2010,2010,CIN,480,-1.3,-3.8,-1.8,4.9,-0.6,Mar-00,11,10,90.9,42,4.2,29,2.9,9,0,0,0,1,0
278,Jared Cook,Jared Cook2010,2010,TEN,254,-1.4,2.7,-1.8,-0.4,-1.9,Mar-00,44,29,65.9,361,12.4,154,5.3,36,1,3,3,2,0
279,Brandon Myers,Brandon Myers2010,2010,OAK,216,-1.4,-3,1.5,-0.9,1,0-0,16,12,75,80,6.7,44,3.7,16,0,0,1,2,0
280,Shawn Nelson,Shawn Nelson2010,2010,BUF,50,-1.5,-1.1,0.4,-1,0.2,0-0,4,3,75,25,8.3,14,4.7,12,0,0,0,0,1
281,Jeremy Shockey,Jeremy Shockey2010,2010,NO,515,-1.5,0.2,-1.2,-3,2.5,0-0,56,41,73.2,409,10,120,2.9,31,3,1,3,3,0
282,Nate Byham,Nate Byham2010,2010,SF,164,-1.6,-2.3,-0.1,1.2,-0.4,Jan-00,6,5,83.3,27,5.4,28,5.6,9,0,0,1,0,0
283,Stephen Spach,Stephen Spach2010,2010,ARZ,406,-1.6,-2.6,-1,4.9,-2.9,2-May,17,7,41.2,40,5.7,21,3,14,0,1,1,0,0
284,Daniel Graham,Daniel Graham2010,2010,DEN,982,-1.6,-10.6,8.4,0,0.6,2-Apr,35,18,51.4,153,8.5,48,2.7,28,0,0,3,1,1
285,Todd Heap,Todd Heap2010,2010,BLT,728,-1.7,6.1,-2.9,-3.4,-1.5,May-00,57,40,70.2,599,15,239,6,65,5,1,3,3,1
286,Kellen Winslow,Kellen Winslow2010,2010,TB,736,-1.9,9.9,0.9,-9.7,-3,1-Jul,88,66,75,733,11.1,246,3.7,41,5,1,3,11,1
287,Jeff Cumberland,Jeff Cumberland2010,2010,NYJ,41,-2,-0.4,0.1,-1.9,0.2,0-0,2,1,50,3,3,2,2,3,0,0,0,0,0
288,Darcy Johnson,Darcy Johnson2010,2010,SL,103,-2.1,-1.5,0.1,0.7,-1.4,Feb-00,2,0,0,0,0,0,0,0,0,0,1,0,0
289,Brent Celek,Brent Celek2010,2010,PHI,887,-2.5,-5.9,-0.2,2.9,0.7,Apr-00,73,42,57.5,511,12.2,246,5.9,65,4,2,6,9,0
290,Heath Miller,Heath Miller2010,2010,PIT,841,-2.6,2.3,-0.9,-7,3,Jan-00,64,42,65.6,512,12.2,246,5.9,36,2,2,1,4,1
291,Andrew Quarless,Andrew Quarless2010,2010,GB,389,-2.6,-3.2,1.9,-2.1,0.8,Jan-00,32,21,65.6,238,11.3,117,5.6,23,1,0,2,1,1
292,Dustin Keller,Dustin Keller2010,2010,NYJ,859,-2.7,-3,0.8,0.4,-0.9,May-00,93,55,59.1,687,12.5,239,4.3,41,5,2,9,6,0
293,Jerramy Stevens,Jerramy Stevens2010,2010,TB,72,-3.1,-1.2,0.2,-2.5,0.4,0-0,4,3,75,43,14.3,14,4.7,22,0,0,1,0,0
294,Brandon Pettigrew,Brandon Pettigrew2010,2010,DET,982,-3.1,-7.5,2.1,7.1,-4.8,Oct-00,103,71,68.9,722,10.2,374,5.3,35,4,2,12,7,0
295,Donald Lee,Donald Lee2010,2010,GB,239,-3.3,0.6,1.9,-5.8,0,Jan-00,11,11,100,73,6.6,51,4.6,17,3,0,0,0,0
296,Jim Dray,Jim Dray2010,2010,ARZ,191,-3.8,-2.8,-0.5,-0.3,-0.2,Jan-00,9,3,33.3,47,15.7,23,7.7,24,0,0,1,1,0
297,Tony Gonzalez,Tony Gonzalez2010,2010,ATL,1047,-3.9,0.8,0.5,-7.3,2.1,Mar-00,106,70,66,656,9.4,199,2.8,34,6,4,6,5,0
298,Jonathan Stupar,Jonathan Stupar2010,2010,BUF,282,-3.9,-1.7,-4.8,1.3,1.3,0-0,13,12,92.3,111,9.3,93,7.8,35,0,1,0,1,1
299,Ben Patrick,Ben Patrick2010,2010,ARZ,254,-4,-1.1,-3.8,2.7,-1.8,1-Mar,18,15,83.3,123,8.2,62,4.1,21,0,0,0,0,1
300,Greg Olsen,Greg Olsen2010,2010,CHI,829,-4.2,0.2,-0.1,-4.3,0,Apr-00,62,41,66.1,411,10,168,4.1,39,5,3,2,1,2
301,Travis Beckum,Travis Beckum2010,2010,NYG,276,-4.5,-0.9,-1.8,-2.4,0.6,Jan-00,18,13,72.2,116,8.9,36,2.8,29,2,1,1,1,0
302,Jeff King,Jeff King2010,2010,CAR,686,-4.5,-5.4,0.9,0.6,-0.6,Apr-00,27,19,70.4,121,6.4,33,1.7,16,2,0,4,0,0
303,Dave Thomas,Dave Thomas2010,2010,NO,553,-4.5,-2.4,-3.2,0.5,0.6,Feb-00,42,30,71.4,219,7.3,129,4.3,22,2,1,1,0,0
304,Khalif Barnes,Khalif Barnes2010,2010,OAK,191,-4.8,0.5,-0.6,0.3,-5,Jun-00,2,2,100,8,4,5,2.5,6,1,0,0,0,0
305,Clay Harbor,Clay Harbor2010,2010,PHI,181,-5.4,-3.3,-1.3,0.2,-1,Feb-00,14,9,64.3,72,8,21,2.3,24,1,0,2,0,0
306,David Martin,David Martin2010,2010,BUF,358,-5.6,-1.4,-0.9,-3.9,0.6,Jan-00,8,7,87.5,43,6.1,20,2.9,15,1,0,0,0,0
307,Matt Spaeth,Matt Spaeth2010,2010,PIT,469,-6.7,-2.1,-3.1,0.2,-1.7,Apr-00,18,9,50,80,8.9,34,3.8,13,1,0,2,1,0
308,Dante Rosario,Dante Rosario2010,2010,CAR,659,-7,-6.4,1.4,-3,1,Feb-00,54,32,59.3,264,8.3,139,4.3,26,0,3,4,2,0
309,Chris Cooley,Chris Cooley2010,2010,WAS,1022,-7.4,-7.3,-5.2,2.4,2.7,Mar-00,116,77,66.4,849,11,393,5.1,35,3,2,8,12,3
310,Leonard Pope,Leonard Pope2010,2010,KC,555,-7.4,-3.2,0.5,-3.3,-1.4,May-00,17,10,58.8,76,7.6,36,3.6,14,2,0,4,0,0
311,Gijon Robinson,Gijon Robinson2010,2010,IND,134,-7.6,0.3,1.4,-8.9,-0.4,Jan-00,6,3,50,12,4,5,1.7,6,1,0,0,0,0
312,Brody Eldridge,Brody Eldridge2010,2010,IND,296,-7.7,-2.1,-1.3,-3.6,-0.7,Feb-00,9,5,55.6,39,7.8,18,3.6,10,0,1,1,0,0
313,Tom Crabtree,Tom Crabtree2010,2010,GB,320,-8,-1.8,0.1,-8.1,1.8,0-0,6,4,66.7,61,15.3,32,8,33,0,0,1,1,0
314,Kris Wilson,Kris Wilson2010,2010,SD,337,-9,-2.9,-0.4,-6.3,0.6,Jan-00,7,6,85.7,73,12.2,59,9.8,37,0,0,1,0,1
315,Daniel Fells,Daniel Fells2010,2010,SL,676,-9.2,-2.4,-4.7,-4.2,2.1,Jan-00,56,41,73.2,391,9.5,268,6.5,36,2,1,4,11,0
316,John Carlson,John Carlson2010,2010,SEA,801,-9.3,-9.6,-0.6,-1,1.9,Feb-00,52,31,59.6,318,10.3,129,4.2,37,1,3,5,0,0
317,Jermaine Gresham,Jermaine Gresham2010,2010,CIN,820,-10.2,-7.7,0.9,-1.1,-2.3,1-Jun,76,52,68.4,471,9.1,355,6.8,27,4,3,8,11,2
318,Bo Scaife,Bo Scaife2010,2010,TEN,558,-12.1,-6.1,0.1,-7.2,1.1,Feb-00,49,36,73.5,318,8.8,123,3.4,30,4,0,4,0,2
319,Billy Bajema,Billy Bajema2010,2010,SL,404,-12.5,-3.4,-1.2,-6.8,-1.1,1-Mar,19,14,73.7,154,11,82,5.9,26,2,1,2,2,1
320,Ed Dickson,Ed Dickson2010,2010,BLT,426,-17.4,-2.2,-1,-15.2,1,Feb-00,21,11,52.4,152,13.8,66,6,58,1,0,2,1,0
321,Visanthe Shiancoe,Visanthe Shiancoe2010,2010,MIN,732,-20.2,-2.5,0.5,-11.2,-7,Dec-00,75,47,62.7,530,11.3,179,3.8,33,2,4,4,2,0
322,Brandon Manumaleuna,Brandon Manumaleuna2010,2010,CHI,560,-26.7,-0.5,-15,-9.9,-1.3,1-Apr,5,5,100,43,8.6,27,5.4,16,1,0,0,0,0
323,Jason Witten,Jason Witten2009,2009,DAL,1088,28.4,4.6,2.9,22.6,-1.7,1-Aug,121,94,77.7,1030,11,414,4.4,69,2,3,6,7,0
324,Todd Heap,Todd Heap2009,2009,BLT,983,23.4,7,3.8,10.1,2.5,Feb-00,72,53,73.6,593,11.2,195,3.7,31,6,4,2,6,0
325,Kevin Boss,Kevin Boss2009,2009,NYG,962,21.6,4.9,-3.4,17,3.1,Feb-00,65,42,64.6,567,13.5,234,5.6,35,5,1,1,6,0
326,Marcedes Lewis,Marcedes Lewis2009,2009,JAX,829,18.5,1.3,3.5,11.7,2,Mar-00,49,32,65.3,518,16.2,162,5.1,47,2,1,4,5,1
327,Dallas Clark,Dallas Clark2009,2009,IND,996,16.4,11.5,0,1.2,3.7,Jan-00,129,100,77.5,1106,11.1,499,5,80,10,2,7,9,1
328,Anthony Fasano,Anthony Fasano2009,2009,MIA,900,15.7,-5.2,-1.3,20,2.2,1-Feb,51,31,60.8,339,10.9,118,3.8,27,2,2,3,2,2
329,Tony Gonzalez,Tony Gonzalez2009,2009,ATL,972,15.3,11.1,1,3.6,-0.4,1-May,125,83,66.4,862,10.4,227,2.7,27,6,3,3,5,0
330,Alge Crumpler,Alge Crumpler2009,2009,TEN,698,14,-2,1.1,12.6,2.3,Jan-00,37,27,73,222,8.2,112,4.1,27,1,3,1,3,1
331,Antonio Gates,Antonio Gates2009,2009,SD,849,12.8,12.4,2,-3.7,2.1,Feb-00,110,79,71.8,1157,14.6,506,6.4,56,8,2,7,13,1
332,Chris Baker,Chris Baker2009,2009,NE,715,11.8,-1.8,1.9,10.9,0.8,1-Mar,18,14,77.8,142,10.1,33,2.4,36,2,0,0,0,0
333,Jim Kleinsasser,Jim Kleinsasser2009,2009,MIN,620,11.4,-5.7,3.8,14.4,-1.1,Apr-00,15,10,66.7,70,7,28,2.8,21,0,0,2,0,0
334,Brent Celek,Brent Celek2009,2009,PHI,909,7.7,7.2,0.9,-4.2,3.8,Jan-00,106,76,71.7,968,12.7,444,5.8,47,8,2,8,9,0
335,Gary Barnidge,Gary Barnidge2009,2009,CAR,265,7.5,1.5,0.4,4.4,1.2,0-0,20,12,60,242,20.2,105,8.8,55,0,2,0,2,1
336,Ben Hartsock,Ben Hartsock2009,2009,NYJ,501,7.4,-2,-1,11.9,-1.5,1-Apr,4,1,25,2,2,0,0,2,1,1,0,0,0
337,Jermichael Finley,Jermichael Finley2009,2009,GB,515,7.2,7,-0.1,-1.1,1.4,Jan-00,71,55,77.5,676,12.3,300,5.5,62,5,0,4,6,0
338,Heath Miller,Heath Miller2009,2009,PIT,1064,6.7,3.1,-0.6,4.6,-0.4,Jun-00,92,76,82.6,789,10.4,425,5.6,41,6,1,4,10,2
339,Jeremy Shockey,Jeremy Shockey2009,2009,NO,660,6.6,9.4,0.4,-2.8,-0.4,Apr-00,65,48,73.8,569,11.9,153,3.2,66,3,3,2,4,0
340,Steve Heiden,Steve Heiden2009,2009,CLV,258,6.6,-2.1,1.5,8,-0.8,1-Feb,15,10,66.7,73,7.3,22,2.2,14,1,1,1,1,1
341,John Phillips,John Phillips2009,2009,DAL,89,6.1,0.3,0.7,4.7,0.4,0-0,4,3,75,40,13.3,33,11,23,0,0,0,1,0
342,Derek Schouman,Derek Schouman2009,2009,BUF,108,5.9,1.6,0.1,3.7,0.5,0-0,11,9,81.8,106,11.8,47,5.2,27,0,0,0,4,0
343,Justin Peelle,Justin Peelle2009,2009,ATL,514,5.6,-1.6,0.1,7.7,-0.6,Mar-00,15,12,80,115,9.6,50,4.2,32,2,0,0,1,0
344,Joey Haynos,Joey Haynos2009,2009,MIA,588,5.6,-2.2,-2.2,9.1,0.9,Feb-00,33,19,57.6,162,8.5,107,5.6,21,2,1,2,1,1
345,Dave Thomas,Dave Thomas2009,2009,NO,424,4.7,3.3,0.1,1.8,-0.5,Mar-00,32,24,75,266,11.1,147,6.1,37,1,1,0,4,0
346,Joel Dreessen,Joel Dreessen2009,2009,HST,678,4.7,-2,1.9,1.6,3.2,0-0,35,26,74.3,320,12.3,145,5.6,25,1,2,1,1,0
347,Anthony Becht,Anthony Becht2009,2009,ARZ,422,4.6,-1.4,1.8,4.7,-0.5,Mar-00,10,7,70,64,9.1,26,3.7,16,1,0,1,0,1
348,Ben Patrick,Ben Patrick2009,2009,ARZ,290,4.1,-1,0.2,4.5,0.4,Jan-00,14,12,85.7,146,12.2,41,3.4,28,2,0,1,0,0
349,Dante Rosario,Dante Rosario2009,2009,CAR,533,4,0.2,-0.9,2.7,2,Jan-00,45,26,57.8,313,12,132,5.1,26,2,1,2,0,0
350,Alex Smith,Alex Smith2009,2009,PHI,258,3.6,-2,-0.1,4.2,1.5,0-0,7,3,42.9,25,8.3,17,5.7,11,0,0,1,0,0
351,Tony Scheffler,Tony Scheffler2009,2009,DEN,556,3.2,2.3,1.1,-0.7,0.5,Feb-00,46,31,67.4,416,13.4,190,6.1,52,2,2,2,2,0
352,Richard Quinn,Richard Quinn2009,2009,DEN,80,3.1,-0.4,0.6,2.5,0.4,0-0,1,0,0,0,0,0,0,0,0,0,0,0,0
353,Ben Watson,Ben Watson2009,2009,NE,783,3,1.4,-1.9,3.4,0.1,1-Apr,40,29,72.5,404,13.9,85,2.9,36,5,0,3,1,0
354,Jonathan Stupar,Jonathan Stupar2009,2009,BUF,296,2.9,-1.8,-2,6.5,0.2,Jan-00,8,5,62.5,39,7.8,39,7.8,17,0,0,1,0,0
355,Greg Olsen,Greg Olsen2009,2009,CHI,880,2.7,3.4,-4.8,1.8,2.3,Feb-00,105,59,56.2,612,10.4,187,3.2,41,8,4,2,4,0
356,Keith Zinger,Keith Zinger2009,2009,ATL,104,2.7,-1.6,0.8,3.1,0.4,0-0,1,0,0,0,0,0,0,0,0,0,1,0,0
357,Bo Scaife,Bo Scaife2009,2009,TEN,623,2.3,0.4,-1.4,3.4,-0.1,1-Mar,63,45,71.4,440,9.8,204,4.5,27,1,1,2,4,1
358,Kory Sperry,Kory Sperry2009,2009,MIA,115,2.3,0.6,0.9,0.2,0.6,0-0,5,3,60,31,10.3,4,1.3,13,1,0,0,0,0
359,Spencer Havner,Spencer Havner2009,2009,GB,208,2.2,3.7,-0.8,1.3,-2,1-Mar,9,7,77.8,112,16,62,8.9,45,4,0,0,1,0
360,Martellus Bennett,Martellus Bennett2009,2009,DAL,513,2.2,-7.6,0.7,12.7,-3.6,Jun-00,29,15,51.7,159,10.6,72,4.8,21,0,0,7,2,0
361,Delanie Walker,Delanie Walker2009,2009,SF,507,2.2,-3.5,1.5,4,0.2,Feb-00,32,21,65.6,233,11.1,158,7.5,39,0,2,1,4,1
362,James Casey,James Casey2009,2009,HST,173,1.9,-0.4,-0.7,2.1,0.9,0-0,11,6,54.5,64,10.7,24,4,32,0,1,0,0,0
363,Owen Daniels,Owen Daniels2009,2009,HST,463,1.9,6.8,-1.6,-3.4,0.1,Feb-00,53,40,75.5,519,13,235,5.9,44,5,1,1,3,1
364,Brandon Myers,Brandon Myers2009,2009,OAK,84,1.9,-1.2,0.7,2.1,0.3,0-0,6,4,66.7,19,4.8,17,4.3,6,0,0,0,0,0
365,Darnell Dinkins,Darnell Dinkins2009,2009,NO,196,1.8,-0.7,1.4,2.2,-1.1,Feb-00,6,5,83.3,22,4.4,22,4.4,8,1,0,0,0,0
366,Visanthe Shiancoe,Visanthe Shiancoe2009,2009,MIN,739,1.6,7.2,1,-5.6,-1,1-May,76,56,73.7,566,10.1,216,3.9,27,11,0,7,3,0
367,Travis Beckum,Travis Beckum2009,2009,NYG,65,1.5,1.3,0,0,0.2,0-0,10,8,80,55,6.9,25,3.1,15,0,1,0,0,0
368,Casey Fitzsimmons,Casey Fitzsimmons2009,2009,DET,168,1.4,-1.7,0.8,2.5,-0.2,Jan-00,26,18,69.2,128,7.1,73,4.1,12,0,0,2,2,1
369,Desmond Clark,Desmond Clark2009,2009,CHI,372,1.4,-3.6,-0.8,4,1.8,0-0,31,19,61.3,145,7.6,45,2.4,26,2,1,3,0,0
370,Bear Pascoe,Bear Pascoe2009,2009,NYG,30,1.3,0.3,0.4,0.5,0.1,0-0,1,1,100,9,9,16,16,9,0,0,0,0,0
371,Evan Moore,Evan Moore2009,2009,CLV,113,1.1,1,0.1,1.5,-1.5,1-Feb,21,12,57.1,158,13.2,31,2.6,24,0,0,1,0,0
372,Chris Cooley,Chris Cooley2009,2009,WAS,354,0.9,2.2,-0.1,-3,1.8,0-0,41,29,70.7,332,11.4,178,6.1,25,2,0,1,5,1
373,Kellen Winslow,Kellen Winslow2009,2009,TB,877,0.9,4.4,0.5,-4.1,0.1,Apr-00,117,77,65.8,902,11.7,249,3.2,42,5,1,5,4,0
374,Zach J. Miller,Zach J. Miller2009,2009,OAK,931,0.8,6.2,-0.2,-6,0.8,1-May,92,66,71.7,805,12.2,379,5.7,86,3,4,4,5,0
375,L.J. Smith,L.J. Smith2009,2009,BLT,81,0.7,-1,0.4,1,0.3,0-0,3,2,66.7,37,18.5,25,12.5,32,0,0,0,0,0
376,Derek Fine,Derek Fine2009,2009,BUF,326,0.6,-3.4,1.9,1.6,0.5,Jan-00,12,9,75,64,7.1,36,4,11,1,0,2,1,0
377,Greg Estandia,Greg Estandia2009,2009,JAX,43,0.6,-1.4,0.3,2.5,-0.8,Jan-00,2,0,0,0,0,0,0,0,0,0,1,0,0
378,Jake Nordin,Jake Nordin2009,2009,DET,35,0.4,0.7,0,0.5,-0.8,Jan-00,1,1,100,14,14,4,4,14,0,0,0,0,0
379,Todd Yoder,Todd Yoder2009,2009,WAS,50,0.4,1.7,0.2,-1.5,0,0-0,4,4,100,9,2.3,1,0.3,3,3,0,0,0,0
380,Kellen Davis,Kellen Davis2009,2009,CHI,224,0.4,-1.4,-0.5,2.3,0,Jan-00,13,9,69.2,75,8.3,20,2.2,18,3,2,1,0,0
381,Cameron Morrah,Cameron Morrah2009,2009,SEA,4,0.3,-0.2,0,0.5,0,0-0,1,1,100,3,3,0,0,3,0,0,0,0,0
382,Kevin Boothe,Kevin Boothe2009,2009,NYG,10,0.2,0,0.2,0,0,0-0,1,0,0,0,0,0,0,0,0,0,0,0,0
383,Edgar Jones,Edgar Jones2009,2009,BLT,35,0.1,-0.2,-0.4,0.5,0.2,0-0,2,1,50,8,8,6,6,8,0,0,0,0,0
384,John Gilmore,John Gilmore2009,2009,TB,142,0,-0.6,1.3,1.5,-2.2,1-Mar,5,3,60,23,7.7,18,6,9,0,0,0,0,0
385,Tory Humphrey,Tory Humphrey2009,2009,NO,16,-0.1,-0.3,0.1,0,0.1,0-0,1,1,100,7,7,7,7,7,0,0,0,0,0
386,Jeff Dugan,Jeff Dugan2009,2009,MIN,214,-0.3,-1,-0.3,0.6,0.4,Jan-00,4,4,100,42,10.5,11,2.8,25,0,0,0,0,0
387,Colin Cloherty,Colin Cloherty2009,2009,IND,21,-0.3,-0.4,0,0,0.1,0-0,1,1,100,2,2,0,0,2,0,0,0,0,0
388,Michael Matthews,Michael Matthews2009,2009,NE,44,-0.3,-0.1,0.5,-0.5,-0.2,Jan-00,1,0,0,0,0,0,0,0,0,0,0,0,0
389,Zach Miller,Zach Miller2009,2009,JAX,163,-0.4,-0.9,0.8,-1,0.7,0-0,28,21,75,212,10.1,146,7,62,2,0,2,3,0
390,Anthony Hill,Anthony Hill2009,2009,HST,20,-0.4,0.4,0.2,0,-1,Jan-00,1,1,100,9,9,6,6,9,0,0,0,1,0
391,Brad Cottam,Brad Cottam2009,2009,KC,180,-0.5,-1.3,-0.6,0.6,0.8,0-0,15,9,60,120,13.3,57,6.3,26,0,1,1,0,0
392,Shawn Nelson,Shawn Nelson2009,2009,BUF,505,-0.5,-5.8,3,3.9,-1.6,Apr-00,28,17,60.7,158,9.3,98,5.8,25,1,1,2,0,2
393,Dan Gronkowski,Dan Gronkowski2009,2009,DET,17,-0.5,-0.8,0.2,0,0.1,0-0,3,1,33.3,4,4,3,3,4,0,0,1,0,0
394,Billy Bajema,Billy Bajema2009,2009,SL,225,-0.6,-0.8,0.4,-1.3,1.1,0-0,10,8,80,94,11.8,46,5.8,27,0,0,1,0,0
395,Jared Cook,Jared Cook2009,2009,TEN,77,-0.7,0.6,0,-1.5,0.2,0-0,13,9,69.2,74,8.2,42,4.7,17,0,1,0,0,0
396,Kris Wilson,Kris Wilson2009,2009,SD,146,-0.8,-0.8,0.5,-1.2,0.7,0-0,6,4,66.7,28,7,17,4.3,21,1,0,1,0,0
397,Darcy Johnson,Darcy Johnson2009,2009,NYG,343,-0.8,-4.4,-2,5.5,0.1,1-Feb,7,5,71.4,45,9,19,3.8,14,0,0,1,0,1
398,Matthew Mulligan,Matthew Mulligan2009,2009,NYJ,20,-0.9,0,0,0,-0.9,Jan-00,1,1,100,2,2,2,2,2,0,0,0,0,0
399,Randy McMichael,Randy McMichael2009,2009,SL,792,-1.2,-10.3,1.5,6.6,1,Mar-00,58,34,58.6,332,9.8,146,4.3,35,1,2,7,1,0
400,Michael Gaines,Michael Gaines2009,2009,CLV,244,-1.2,0.9,-1.4,-1,0.3,Jan-00,9,5,55.6,59,11.8,22,4.4,24,1,0,1,1,0
401,Zach Potter,Zach Potter2009,2009,JAX,18,-1.4,-0.1,0.1,-0.5,-0.9,Jan-00,1,1,100,3,3,0,0,3,0,0,0,0,0
402,Brandon Manumaleuna,Brandon Manumaleuna2009,2009,SD,461,-2,-2.2,-3.1,1,2.3,0-0,6,5,83.3,13,2.6,27,5.4,11,0,1,0,1,0
403,Stephen Spach,Stephen Spach2009,2009,ARZ,188,-2,-2.1,1.3,0.8,-2,1-Mar,9,4,44.4,38,9.5,26,6.5,22,0,2,0,0,0
404,Brandon Pettigrew,Brandon Pettigrew2009,2009,DET,537,-2.3,-1.4,-4.2,6.3,-3,1-Jun,52,31,59.6,354,11.4,205,6.6,30,2,3,6,4,0
405,Jake O'Connell,Jake O'Connell2009,2009,KC,69,-2.5,-2.8,-1.1,1.1,0.3,0-0,9,2,22.2,7,3.5,3,1.5,4,0,0,2,0,0
406,John Owens,John Owens2009,2009,SEA,190,-2.5,-3.2,0.2,-0.4,0.9,0-0,6,3,50,16,5.3,14,4.7,8,0,0,2,0,0
407,Jacob Tamme,Jacob Tamme2009,2009,IND,68,-2.6,-1.5,-0.4,-1,0.3,0-0,9,3,33.3,35,11.7,12,4,21,0,2,0,0,0
408,Greg Estandia,Greg Estandia2009,2009,CLV,126,-2.7,-1.7,0.4,-1,-0.4,Jan-00,9,4,44.4,45,11.3,6,1.5,18,0,0,1,0,0
409,Gijon Robinson,Gijon Robinson2009,2009,IND,293,-3.1,-1.5,-1,-1.6,1,1-Jan,14,9,64.3,62,6.9,21,2.3,19,0,0,1,0,0
410,Daniel Fells,Daniel Fells2009,2009,SL,316,-3.4,-2.5,1,0.7,-2.6,Apr-00,32,20,62.5,237,11.9,95,4.8,25,2,1,3,4,1
411,Jeff King,Jeff King2009,2009,CAR,779,-4.1,-1.6,-0.9,-0.9,-0.7,May-00,33,25,75.8,200,8,72,2.9,32,3,0,0,0,1
412,Joe Klopfenstein,Joe Klopfenstein2009,2009,BUF,53,-4.2,-0.4,-0.7,-2.4,-0.7,Jan-00,2,1,50,11,11,5,5,11,0,0,1,0,0
413,Wayne Hunter,Wayne Hunter2009,2009,NYJ,122,-4.2,-1.1,-0.2,-1.3,-1.6,1-Feb,1,0,0,0,0,0,0,0,0,0,1,0,0
414,Tom Santi,Tom Santi2009,2009,IND,70,-4.7,0,-1.2,-2.9,-0.6,Jan-00,11,8,72.7,110,13.8,37,4.6,31,0,0,1,0,1
415,Leonard Pope,Leonard Pope2009,2009,KC,574,-5,-5.5,-3.1,4.8,-1.2,Apr-00,29,20,69,174,8.7,77,3.9,29,1,0,2,4,0
416,Tony Stewart,Tony Stewart2009,2009,OAK,334,-5.1,-2.1,-4.6,-0.1,1.7,0-0,13,10,76.9,78,7.8,45,4.5,19,0,0,1,0,0
417,Fred Davis,Fred Davis2009,2009,WAS,648,-5.9,1.4,0.1,-7.6,0.2,Mar-00,65,48,73.8,509,10.6,284,5.9,29,7,5,9,12,0
418,Matt Spaeth,Matt Spaeth2009,2009,PIT,391,-6.9,-2.3,-0.9,-4.7,1,Jan-00,6,5,83.3,25,5,11,2.2,9,1,0,0,0,1
419,Daniel Graham,Daniel Graham2009,2009,DEN,958,-7.1,-5.6,-2.4,6.1,-5.2,2-Oct,36,28,77.8,289,10.3,209,7.5,24,1,1,5,9,0
420,Daniel Coats,Daniel Coats2009,2009,CIN,509,-7.5,-11.4,-0.2,3.5,0.6,Feb-00,28,16,57.1,150,9.4,107,6.7,23,0,1,7,2,2
421,Will Heller,Will Heller2009,2009,DET,648,-8,-5.4,-1.6,-0.2,-0.8,1-Apr,47,29,61.7,296,10.2,118,4.1,24,3,2,4,0,0
422,Ernest Wilford,Ernest Wilford2009,2009,JAX,330,-8.4,-3,-1.8,-3.2,-0.4,Feb-00,17,11,64.7,123,11.2,40,3.6,30,1,0,1,2,0
423,Robert Royal,Robert Royal2009,2009,CLV,630,-8.7,-9.6,2.2,-4.2,2.9,0-0,24,11,45.8,130,11.8,39,3.5,29,1,1,5,0,0
424,John Carlson,John Carlson2009,2009,SEA,970,-11.1,-7.9,-2.8,-0.1,-0.3,2-May,79,50,63.3,532,10.6,242,4.8,38,7,2,4,1,0
425,Vernon Davis,Vernon Davis2009,2009,SF,1001,-11.9,-0.3,-1.9,-3.1,-6.6,Dec-00,116,78,67.2,965,12.4,333,4.3,73,13,4,13,6,0
426,Dustin Keller,Dustin Keller2009,2009,NYJ,805,-12.3,-3.8,0.2,-8.6,-0.1,Apr-00,78,45,57.7,522,11.6,190,4.2,40,2,4,5,4,1
427,John Paul Foschi,John Paul Foschi2009,2009,CIN,692,-12.4,-3.9,-3.2,-4.2,-1.1,1-May,36,27,75,260,9.6,135,5,27,2,0,2,3,1
428,Sean Ryan,Sean Ryan2009,2009,KC,471,-15.5,-5.1,-4.9,-2.8,-2.7,1-May,23,14,60.9,135,9.6,53,3.8,43,2,2,4,1,1
429,Donald Lee,Donald Lee2009,2009,GB,754,-15.5,-11.3,-2,-0.7,-1.5,2-May,52,37,71.2,260,7,145,3.9,19,1,0,6,2,0
430,Jerramy Stevens,Jerramy Stevens2009,2009,TB,405,-20.8,-3.8,-4.7,-12.1,-0.2,Feb-00,30,15,50,130,8.7,33,2.2,17,1,0,2,1,0
431,Anthony Fasano,Anthony Fasano2008,2008,MIA,954,27,-2.4,2.1,24.6,2.7,Feb-00,51,34,66.7,454,13.4,151,4.4,24,7,2,5,4,0
432,Tony Gonzalez,Tony Gonzalez2008,2008,KC,974,26,17.8,-0.9,8.4,0.7,Apr-00,150,96,64,1066,11.1,291,3,35,10,5,5,11,0
433,Jim Kleinsasser,Jim Kleinsasser2008,2008,MIN,597,23.4,-3.6,1.9,26,-0.9,Apr-00,11,6,54.5,92,15.3,47,7.8,34,0,1,2,1,0
434,Jason Witten,Jason Witten2008,2008,DAL,929,20.6,8.5,1.3,11.8,-1,1-Jul,119,81,68.1,952,11.8,354,4.4,42,4,7,4,5,0
435,Alge Crumpler,Alge Crumpler2008,2008,TEN,689,17.5,-5.5,1.4,19.4,2.2,Jan-00,41,24,58.5,257,10.7,147,6.1,28,1,1,6,2,1
436,John Gilmore,John Gilmore2008,2008,TB,485,16.8,-1.1,1.7,15.9,0.3,Feb-00,21,16,76.2,159,9.9,96,6,36,1,0,1,2,0
437,Steve Heiden,Steve Heiden2008,2008,CLV,578,15.9,-2.7,0.5,15.4,2.7,0-0,40,23,57.5,249,10.8,114,5,51,0,0,2,2,0
438,Visanthe Shiancoe,Visanthe Shiancoe2008,2008,MIN,754,15.4,5.1,0.2,7.5,2.6,Jan-00,58,42,72.4,596,14.2,186,4.4,40,7,2,4,4,0
439,David Martin,David Martin2008,2008,MIA,561,15.2,4.3,0.1,8.1,2.7,0-0,42,31,73.8,440,14.2,135,4.4,61,3,1,1,0,1
440,Dallas Clark,Dallas Clark2008,2008,IND,874,12,5.3,1.2,2.3,3.2,Jan-00,103,77,74.8,848,11,371,4.8,33,6,3,8,7,2
441,Chris Baker,Chris Baker2008,2008,NYJ,570,11.5,-2.6,-3.5,17.7,-0.1,Apr-00,29,21,72.4,194,9.2,68,3.2,29,0,0,1,0,0
442,Billy Miller,Billy Miller2008,2008,NO,533,9.9,5.5,-1,9.8,-4.4,3-Jul,60,45,75,579,12.9,197,4.4,41,1,0,1,1,0
443,Kevin Boss,Kevin Boss2008,2008,NYG,867,8.6,-1.6,-2,12,0.2,May-00,54,33,61.1,384,11.6,170,5.2,28,6,2,3,7,0
444,Zach J. Miller,Zach J. Miller2008,2008,OAK,954,8.4,1.6,-2,8.1,0.7,Apr-00,83,56,67.5,778,13.9,276,4.9,63,1,2,7,2,0
445,Greg Olsen,Greg Olsen2008,2008,CHI,792,8.3,1.6,0.1,4,2.6,Jan-00,76,54,71.1,574,10.6,278,5.1,52,5,1,2,3,2
446,Owen Daniels,Owen Daniels2008,2008,HST,1036,8.1,6.9,0.2,-0.9,1.9,Mar-00,90,70,77.8,862,12.3,427,6.1,35,2,4,2,2,2
447,Jeff King,Jeff King2008,2008,CAR,806,7.2,-5.5,-3.4,16.7,-0.6,May-00,30,21,70,195,9.3,80,3.8,31,1,1,4,2,0
448,Justin Peelle,Justin Peelle2008,2008,ATL,669,6.7,-2.8,-2.8,14.9,-2.6,1-Jun,21,15,71.4,159,10.6,109,7.3,18,2,0,3,2,0
449,Ben Hartsock,Ben Hartsock2008,2008,ATL,453,6.2,-2.9,-2.5,11.6,0,Feb-00,5,3,60,26,8.7,14,4.7,17,0,1,0,0,0
450,Ben Patrick,Ben Patrick2008,2008,ARZ,207,6,-0.3,-0.8,6.3,0.8,0-0,13,11,84.6,104,9.5,47,4.3,19,0,1,0,2,0
451,Dustin Keller,Dustin Keller2008,2008,NYJ,518,5.4,3.3,1,-0.2,1.3,Jan-00,74,48,64.9,535,11.1,185,3.9,54,3,0,5,3,0
452,Antonio Gates,Antonio Gates2008,2008,SD,888,5.3,2.1,0.9,0.2,2.1,Feb-00,84,60,71.4,704,11.7,245,4.1,34,8,3,5,1,1
453,John Owens,John Owens2008,2008,DET,264,5.2,-1.1,-0.1,6.3,0.1,Jan-00,13,8,61.5,56,7,29,3.6,19,1,2,1,0,0
454,Tony Scheffler,Tony Scheffler2008,2008,DEN,421,5.1,1.5,-0.3,2.9,1,Feb-00,59,40,67.8,645,16.1,210,5.3,72,3,2,6,4,1
455,Bo Scaife,Bo Scaife2008,2008,TEN,771,4.7,2,-0.8,4.9,-1.4,1-May,76,58,76.3,562,9.7,380,6.6,44,2,1,5,7,1
456,Ben Watson,Ben Watson2008,2008,NE,875,3.9,-9.9,-0.3,12.4,1.7,Mar-00,42,22,52.4,209,9.5,53,2.4,29,2,3,6,1,1
457,Darcy Johnson,Darcy Johnson2008,2008,NYG,93,3.8,1.4,0.4,1.6,0.4,0-0,6,4,66.7,46,11.5,4,1,26,2,0,0,0,0
458,Jeremy Shockey,Jeremy Shockey2008,2008,NO,576,3.8,-0.4,0.4,1.9,1.9,Jan-00,70,50,71.4,483,9.7,220,4.4,26,0,2,6,3,2
459,Brandon Manumaleuna,Brandon Manumaleuna2008,2008,SD,568,3.4,-1.8,-9.3,12.6,1.9,Jan-00,18,15,83.3,127,8.5,70,4.7,17,2,0,0,2,0
460,Daniel Wilcox,Daniel Wilcox2008,2008,BLT,174,2.8,1,1.1,0.3,0.4,1-Jan,5,5,100,19,3.8,6,1.2,8,2,0,0,0,0
461,Brad Cottam,Brad Cottam2008,2008,KC,310,2.7,-1.7,-1.5,5.4,0.5,Jan-00,9,7,77.8,63,9,19,2.7,19,0,0,0,0,0
462,Desmond Clark,Desmond Clark2008,2008,CHI,811,2.7,-5.1,0.7,3.1,4,0-0,68,41,60.3,368,9,162,4,36,2,3,4,2,1
463,Darnell Dinkins,Darnell Dinkins2008,2008,CLV,186,2.3,-3.3,-0.5,8.2,-2.1,Mar-00,10,5,50,41,8.2,19,3.8,22,1,1,2,0,0
464,Jeff Dugan,Jeff Dugan2008,2008,MIN,83,2,-0.1,0.2,1.5,0.4,0-0,1,1,100,3,3,5,5,3,0,0,0,0,0
465,Jacob Tamme,Jacob Tamme2008,2008,IND,66,1.9,0.1,0.4,1.1,0.3,0-0,4,3,75,12,4,5,1.7,6,0,0,0,0,0
466,Fred Davis,Fred Davis2008,2008,WAS,112,1.8,-1.3,0.7,2,0.4,0-0,8,3,37.5,27,9,13,4.3,15,0,0,1,0,0
467,Heath Miller,Heath Miller2008,2008,PIT,861,1.7,1.2,-0.4,1.8,-0.9,1-May,65,48,73.8,514,10.7,258,5.4,22,3,3,4,2,1
468,Delanie Walker,Delanie Walker2008,2008,SF,143,1,1.9,0.4,0.3,-1.6,Feb-00,16,10,62.5,155,15.5,112,11.2,53,1,1,1,2,1
469,Tory Humphrey,Tory Humphrey2008,2008,GB,353,1,1,1.2,-1.9,0.7,Jan-00,14,11,78.6,162,14.7,88,8,37,0,0,0,2,0
470,Greg Estandia,Greg Estandia2008,2008,JAX,209,0.8,-1.1,0.6,0.5,0.8,Jan-00,13,10,76.9,113,11.3,46,4.6,23,0,0,1,0,1
471,Buck Ortega,Buck Ortega2008,2008,NO,51,0.6,-0.7,-0.3,1.5,0.1,0-0,3,1,33.3,3,3,3,3,3,0,1,0,0,0
472,Billy Bajema,Billy Bajema2008,2008,SF,222,0.5,0.2,-0.7,2.9,-1.9,Mar-00,4,2,50,34,17,16,8,29,0,0,0,0,0
473,Joey Haynos,Joey Haynos2008,2008,MIA,60,0.5,-0.6,0.3,0.6,0.2,0-0,4,2,50,22,11,0,0,19,1,0,0,0,1
474,Martellus Bennett,Martellus Bennett2008,2008,DAL,389,0.4,-0.1,1.8,-0.3,-1,Mar-00,26,20,76.9,283,14.2,143,7.2,37,4,0,1,1,0
475,Dan Campbell,Dan Campbell2008,2008,DET,8,0.4,0.4,0,0,0,0-0,1,1,100,21,21,9,9,21,0,0,0,0,0
476,Gary Barnidge,Gary Barnidge2008,2008,CAR,27,0.3,-0.2,0,0.5,0,0-0,1,0,0,0,0,0,0,0,0,0,0,0,0
477,Nate Jackson,Nate Jackson2008,2008,DEN,174,0.3,-2,1.3,1.3,-0.3,Jan-00,17,11,64.7,83,7.5,40,3.6,19,1,1,3,0,0
478,John Carlson,John Carlson2008,2008,SEA,715,0.3,3.9,-4.1,-0.9,1.4,Feb-00,77,55,71.4,627,11.4,242,4.4,33,6,3,5,1,0
479,Sean McHugh,Sean McHugh2008,2008,PIT,60,0.2,0.3,-0.9,1.6,-0.8,Jan-00,1,1,100,15,15,11,11,15,0,0,0,0,0
480,Sean Ryan,Sean Ryan2008,2008,NO,30,0,-0.3,0.1,0.1,0.1,0-0,2,2,100,7,3.5,3,1.5,5,0,0,0,0,0
481,Brian Finneran,Brian Finneran2008,2008,ATL,34,-0.1,-0.3,0,0.1,0.1,0-0,3,1,33.3,6,6,0,0,6,0,0,0,0,0
482,Tyson DeVree,Tyson DeVree2008,2008,NE,10,-0.1,-0.2,0.1,0,0,0-0,1,0,0,0,0,0,0,0,0,0,1,0,0
483,Jason Rader,Jason Rader2008,2008,ATL,96,-0.2,-1.2,0.3,1.2,-0.5,Jan-00,1,1,100,26,26,9,9,26,0,0,0,0,1
484,Daniel Graham,Daniel Graham2008,2008,DEN,940,-0.3,-7.2,-3.6,8.9,1.6,Mar-00,48,32,66.7,393,12.3,210,6.6,28,4,0,5,7,0
485,Matt Schobel,Matt Schobel2008,2008,PHI,66,-0.4,-0.6,0.3,-0.4,0.3,0-0,3,2,66.7,10,5,0,0,5,0,0,0,0,0
486,Reggie Kelly,Reggie Kelly2008,2008,CIN,809,-0.5,-10.8,0.8,7.6,1.9,1-Feb,39,31,79.5,207,6.7,89,2.9,31,0,4,2,1,0
487,Alex Smith,Alex Smith2008,2008,TB,502,-0.6,-4.2,-0.3,2.6,1.3,Jan-00,37,21,56.8,250,11.9,142,6.8,34,3,0,6,5,0
488,Todd Heap,Todd Heap2008,2008,BLT,1099,-0.6,-3.9,0.3,2.3,0.7,May-00,59,35,59.3,403,11.5,195,5.6,30,3,1,6,4,1
489,Stephen Spach,Stephen Spach2008,2008,ARZ,214,-0.7,-2.3,1.2,0.3,0.1,1-Feb,5,2,40,15,7.5,12,6,8,0,0,0,0,0
490,Will Heller,Will Heller2008,2008,SEA,155,-0.8,-1.4,0.8,0.7,-0.9,Feb-00,6,4,66.7,29,7.3,10,2.5,14,0,0,0,0,1
491,George Wrighster,George Wrighster2008,2008,JAX,36,-0.9,0.4,0.1,-0.5,-0.9,Jan-00,3,2,66.7,35,17.5,19,9.5,27,0,0,0,1,0
492,Jermichael Finley,Jermichael Finley2008,2008,GB,88,-1,-0.8,0.2,-0.5,0.1,0-0,12,6,50,74,12.3,20,3.3,35,1,0,2,0,0
493,John Madsen,John Madsen2008,2008,OAK,6,-1.1,-1.1,0,0,0,0-0,1,0,0,0,0,0,0,0,0,0,1,0,0
494,Jeb Putzier,Jeb Putzier2008,2008,SEA,29,-1.4,-1.5,0,0,0.1,0-0,4,0,0,0,0,0,0,0,0,0,2,0,0
495,Matt Spaeth,Matt Spaeth2008,2008,PIT,535,-1.5,-3.4,-0.6,0.1,2.4,0-0,26,17,65.4,136,8,85,5,13,0,0,2,0,0
496,Martin Rucker,Martin Rucker2008,2008,CLV,56,-1.5,-0.9,0.2,-1,0.2,0-0,5,2,40,17,8.5,1,0.5,9,0,1,1,0,0
497,Derek Schouman,Derek Schouman2008,2008,BUF,426,-1.5,-1.3,0.6,-2,1.2,Jan-00,18,15,83.3,153,10.2,94,6.3,21,1,0,0,1,1
498,Bubba Franks,Bubba Franks2008,2008,NYJ,161,-1.8,-1,-0.3,-0.2,-0.3,Jan-00,11,6,54.5,47,7.8,23,3.8,25,0,2,1,0,0
499,Jerame Tuman,Jerame Tuman2008,2008,ARZ,72,-1.8,0.3,-1.5,-0.9,0.3,0-0,3,3,100,41,13.7,11,3.7,18,0,0,0,0,0
500,Nate Lawrie,Nate Lawrie2008,2008,CIN,89,-1.8,-0.6,0.1,-0.8,-0.5,Jan-00,4,2,50,11,5.5,7,3.5,7,0,0,0,0,0
501,Garrett Mills,Garrett Mills2008,2008,MIN,100,-2.5,-0.5,0.1,-1.5,-0.6,Jan-00,11,5,45.5,65,13,38,7.6,23,0,0,1,0,0
502,Chris Cooley,Chris Cooley2008,2008,WAS,982,-2.5,6.8,-1.6,-7.5,-0.2,1-May,106,83,78.3,849,10.2,476,5.7,28,1,1,4,11,3
503,Joel Dreessen,Joel Dreessen2008,2008,HST,325,-2.6,-2.5,-3.1,2.7,0.3,1-Feb,12,11,91.7,77,7,45,4.1,13,0,1,0,1,1
504,Randy McMichael,Randy McMichael2008,2008,SL,204,-2.7,-1.4,1,-1.2,-1.1,Feb-00,19,11,57.9,139,12.6,71,6.5,31,0,1,2,1,0
505,Derek Fine,Derek Fine2008,2008,BUF,263,-2.8,1.2,-1.3,-3,0.3,Jan-00,11,10,90.9,94,9.4,38,3.8,20,1,0,0,1,0
506,Craig Stevens,Craig Stevens2008,2008,TEN,69,-2.9,-1.1,0.1,-0.5,-1.4,1-Feb,2,1,50,9,9,1,1,9,0,0,0,0,0
507,Jerramy Stevens,Jerramy Stevens2008,2008,TB,457,-3,-5.1,-0.7,3.1,-0.3,Mar-00,56,35,62.5,385,11,162,4.6,31,2,2,5,1,0
508,Casey Fitzsimmons,Casey Fitzsimmons2008,2008,DET,254,-3.1,-3.1,-1.8,0.7,1.1,0-0,22,12,54.5,85,7.1,18,1.5,16,1,0,1,2,0
509,Robert Royal,Robert Royal2008,2008,BUF,574,-3.1,-9.2,2.2,2.2,1.7,Jan-00,51,33,64.7,351,10.6,140,4.2,30,1,3,7,0,2
510,Gijon Robinson,Gijon Robinson2008,2008,IND,453,-3.1,-2.5,-4.1,3.3,0.2,Feb-00,23,19,82.6,166,8.7,98,5.2,23,0,0,2,1,0
511,Vernon Davis,Vernon Davis2008,2008,SF,788,-3.2,-7.4,-0.6,7.9,-3.1,Jul-00,48,31,64.6,358,11.5,259,8.4,57,2,1,6,4,2
512,Tom Santi,Tom Santi2008,2008,IND,57,-3.3,0.1,-2.1,-1.5,0.2,0-0,13,10,76.9,64,6.4,39,3.9,13,1,0,0,0,0
513,Dante Rosario,Dante Rosario2008,2008,CAR,596,-3.5,-3.8,1.7,2.8,-4.2,Jul-00,31,18,58.1,209,11.6,77,4.3,24,1,3,2,0,0
514,Daniel Fells,Daniel Fells2008,2008,SL,102,-4.6,-0.4,0.3,-3.9,-0.6,Jan-00,11,7,63.6,81,11.6,54,7.7,26,0,0,1,1,0
515,Michael Matthews,Michael Matthews2008,2008,NYG,341,-4.9,-0.8,0.5,-4.3,-0.3,Feb-00,3,2,66.7,26,13,2,1,13,0,0,0,0,0
516,Marcedes Lewis,Marcedes Lewis2008,2008,JAX,962,-5.3,-12.9,-1.1,11.1,-2.4,Jul-00,64,41,64.1,489,11.9,157,3.8,30,2,0,12,7,0
517,Tony Stewart,Tony Stewart2008,2008,OAK,274,-5.3,-1.4,-1.6,-2,-0.3,1-Feb,14,11,78.6,81,7.4,33,3,17,0,0,1,0,0
518,Mark Campbell,Mark Campbell2008,2008,NO,227,-5.6,-0.1,-2.1,-2.6,-0.8,Feb-00,16,12,75,121,10.1,75,6.3,29,2,0,1,0,0
519,Dave Thomas,Dave Thomas2008,2008,NE,487,-5.7,-2.6,-3.3,0.4,-0.2,Feb-00,17,9,52.9,93,10.3,44,4.9,18,0,0,0,0,0
520,Donald Lee,Donald Lee2008,2008,GB,808,-5.9,-6.9,1.2,-3,2.8,Jan-00,49,39,79.6,303,7.8,118,3,26,5,1,4,3,0
521,Todd Yoder,Todd Yoder2008,2008,WAS,138,-6.4,-0.5,-2.6,-3,-0.3,Jan-00,9,8,88.9,50,6.3,17,2.1,14,1,0,0,0,0
522,Kellen Winslow,Kellen Winslow2008,2008,CLV,470,-6.7,0.7,0.7,-5.2,-2.9,1-Jun,75,43,57.3,428,10,123,2.9,30,3,1,4,1,1
523,Richard Angulo,Richard Angulo2008,2008,JAX,356,-6.8,-3,-5,0.4,0.8,Jan-00,10,8,80,63,7.9,25,3.1,17,0,0,1,2,0
524,Brent Celek,Brent Celek2008,2008,PHI,477,-6.9,-1.6,-0.5,-7.3,2.5,0-0,35,27,77.1,318,11.8,187,6.9,44,1,0,5,3,0
525,Joe Klopfenstein,Joe Klopfenstein2008,2008,SL,521,-7.6,-6.1,1.9,-3.9,0.5,Feb-00,18,11,61.1,123,11.2,44,4,29,0,1,3,1,1
526,Anthony Becht,Anthony Becht2008,2008,SL,488,-7.6,-4,-4.2,-0.7,1.3,Jan-00,10,6,60,39,6.5,22,3.7,11,0,1,1,0,0
527,Leonard Pope,Leonard Pope2008,2008,ARZ,315,-8.2,-2.6,-2,-2.1,-1.5,Mar-00,12,9,75,77,8.6,26,2.9,25,0,0,0,0,0
528,Tony Curtis,Tony Curtis2008,2008,DAL,173,-8.7,-2.7,-0.5,-3.3,-2.2,1-Mar,8,6,75,22,3.7,11,1.8,8,0,0,0,0,1
529,L.J. Smith,L.J. Smith2008,2008,PHI,637,-9.2,-4.8,-0.5,-4.9,1,1-Feb,63,37,58.7,298,8.1,187,5.1,25,3,4,5,4,0
530,Ben Utecht,Ben Utecht2008,2008,CIN,286,-12.3,-5.6,-2.2,-4.9,0.4,Jan-00,25,16,64,123,7.7,54,3.4,14,0,0,2,2,1
531,Michael Gaines,Michael Gaines2008,2008,DET,504,-17.2,-7.2,-5.3,-3.2,-1.5,Apr-00,30,23,76.7,267,11.6,96,4.2,33,1,0,5,2,3
